0 verbose cli /usr/local/bin/node /usr/local/lib/node_modules/npm/bin/npm-cli.js
1 info using npm@10.9.0
2 info using node@v22.12.0
3 silly config load:file:/usr/local/lib/node_modules/npm/npmrc
4 silly config load:file:/Users/momo/Documents/project/subscribe-management-app/.npmrc
5 silly config load:file:/Users/momo/.npmrc
6 silly config load:file:/usr/local/etc/npmrc
7 verbose title npm exec shadcn@latest init -y
8 verbose argv "exec" "--yes" "--" "shadcn@latest" "init" "-y"
9 verbose logfile logs-max:10 dir:/Users/momo/Documents/project/subscribe-management-app/.npm-cache/_logs/2025-09-13T04_45_09_532Z-
10 verbose logfile /Users/momo/Documents/project/subscribe-management-app/.npm-cache/_logs/2025-09-13T04_45_09_532Z-debug-0.log
11 silly logfile done cleaning log files
12 silly packumentCache heap:4345298944 maxSize:1086324736 maxEntrySize:543162368
13 http fetch GET 200 https://registry.npmjs.org/npm 2821ms
14 http fetch GET 200 https://registry.npmjs.org/shadcn 2862ms (cache miss)
15 silly packumentCache heap:4345298944 maxSize:1086324736 maxEntrySize:543162368
16 silly packumentCache heap:4345298944 maxSize:1086324736 maxEntrySize:543162368
17 silly idealTree buildDeps
18 silly fetch manifest shadcn@3.2.1
19 silly packumentCache full:https://registry.npmjs.org/shadcn cache-miss
20 http fetch GET 200 https://registry.npmjs.org/shadcn 809ms (cache miss)
21 silly packumentCache full:https://registry.npmjs.org/shadcn set size:undefined disposed:false
22 silly placeDep ROOT shadcn@3.2.1 OK for:  want: 3.2.1
23 silly fetch manifest @antfu/ni@^25.0.0
24 silly packumentCache full:https://registry.npmjs.org/@antfu%2fni cache-miss
25 silly fetch manifest @babel/core@^7.28.0
26 silly packumentCache full:https://registry.npmjs.org/@babel%2fcore cache-miss
27 silly fetch manifest @babel/parser@^7.28.0
28 silly packumentCache full:https://registry.npmjs.org/@babel%2fparser cache-miss
29 silly fetch manifest @babel/plugin-transform-typescript@^7.28.0
30 silly packumentCache full:https://registry.npmjs.org/@babel%2fplugin-transform-typescript cache-miss
31 silly fetch manifest @dotenvx/dotenvx@^1.48.4
32 silly packumentCache full:https://registry.npmjs.org/@dotenvx%2fdotenvx cache-miss
33 silly fetch manifest @modelcontextprotocol/sdk@^1.17.2
34 silly packumentCache full:https://registry.npmjs.org/@modelcontextprotocol%2fsdk cache-miss
35 silly fetch manifest commander@^14.0.0
36 silly packumentCache full:https://registry.npmjs.org/commander cache-miss
37 http fetch GET 200 https://registry.npmjs.org/@antfu%2fni 610ms (cache miss)
38 silly packumentCache full:https://registry.npmjs.org/@antfu%2fni set size:undefined disposed:false
39 silly fetch manifest cosmiconfig@^9.0.0
40 silly packumentCache full:https://registry.npmjs.org/cosmiconfig cache-miss
41 http fetch GET 200 https://registry.npmjs.org/@babel%2fcore 899ms (cache miss)
42 silly packumentCache full:https://registry.npmjs.org/@babel%2fcore set size:undefined disposed:false
43 silly fetch manifest dedent@^1.6.0
44 silly packumentCache full:https://registry.npmjs.org/dedent cache-miss
45 http fetch GET 200 https://registry.npmjs.org/dedent 263ms (cache miss)
46 silly packumentCache full:https://registry.npmjs.org/dedent set size:undefined disposed:false
47 silly fetch manifest deepmerge@^4.3.1
48 silly packumentCache full:https://registry.npmjs.org/deepmerge cache-miss
49 http fetch GET 200 https://registry.npmjs.org/@modelcontextprotocol%2fsdk 1295ms (cache miss)
50 silly packumentCache full:https://registry.npmjs.org/@modelcontextprotocol%2fsdk set size:undefined disposed:false
51 silly fetch manifest diff@^8.0.2
52 silly packumentCache full:https://registry.npmjs.org/diff cache-miss
53 http fetch GET 200 https://registry.npmjs.org/cosmiconfig 805ms (cache miss)
54 silly packumentCache full:https://registry.npmjs.org/cosmiconfig set size:undefined disposed:false
55 silly fetch manifest execa@^9.6.0
56 silly packumentCache full:https://registry.npmjs.org/execa cache-miss
57 http fetch GET 200 https://registry.npmjs.org/deepmerge 486ms (cache miss)
58 silly packumentCache full:https://registry.npmjs.org/deepmerge set size:undefined disposed:false
59 silly fetch manifest fast-glob@^3.3.3
60 silly packumentCache full:https://registry.npmjs.org/fast-glob cache-miss
61 http fetch GET 200 https://registry.npmjs.org/@dotenvx%2fdotenvx 1656ms (cache miss)
62 silly packumentCache full:https://registry.npmjs.org/@dotenvx%2fdotenvx set size:undefined disposed:false
63 silly fetch manifest fs-extra@^11.3.1
64 silly packumentCache full:https://registry.npmjs.org/fs-extra cache-miss
65 http fetch GET 200 https://registry.npmjs.org/commander 1824ms (cache miss)
66 silly packumentCache full:https://registry.npmjs.org/commander set size:undefined disposed:false
67 silly fetch manifest fuzzysort@^3.1.0
68 silly packumentCache full:https://registry.npmjs.org/fuzzysort cache-miss
69 http fetch GET 200 https://registry.npmjs.org/diff 610ms (cache miss)
70 silly packumentCache full:https://registry.npmjs.org/diff set size:undefined disposed:false
71 silly fetch manifest https-proxy-agent@^7.0.6
72 silly packumentCache full:https://registry.npmjs.org/https-proxy-agent cache-miss
73 http fetch GET 200 https://registry.npmjs.org/execa 516ms (cache miss)
74 silly packumentCache full:https://registry.npmjs.org/execa set size:undefined disposed:false
75 silly fetch manifest kleur@^4.1.5
76 silly packumentCache full:https://registry.npmjs.org/kleur cache-miss
77 http fetch GET 200 https://registry.npmjs.org/@babel%2fparser 1957ms (cache miss)
78 silly packumentCache full:https://registry.npmjs.org/@babel%2fparser set size:undefined disposed:false
79 silly fetch manifest msw@^2.10.4
80 silly packumentCache full:https://registry.npmjs.org/msw cache-miss
81 http fetch GET 200 https://registry.npmjs.org/https-proxy-agent 224ms (cache miss)
82 silly packumentCache full:https://registry.npmjs.org/https-proxy-agent set size:undefined disposed:false
83 silly fetch manifest node-fetch@^3.3.2
84 silly packumentCache full:https://registry.npmjs.org/node-fetch cache-miss
85 http fetch GET 200 https://registry.npmjs.org/fs-extra 559ms (cache miss)
86 silly packumentCache full:https://registry.npmjs.org/fs-extra set size:undefined disposed:false
87 silly fetch manifest ora@^8.2.0
88 silly packumentCache full:https://registry.npmjs.org/ora cache-miss
89 http fetch GET 200 https://registry.npmjs.org/msw 314ms (cache miss)
90 silly packumentCache full:https://registry.npmjs.org/msw set size:undefined disposed:false
91 silly fetch manifest postcss@^8.5.6
92 silly packumentCache full:https://registry.npmjs.org/postcss cache-miss
93 http fetch GET 200 https://registry.npmjs.org/kleur 813ms (cache miss)
94 silly packumentCache full:https://registry.npmjs.org/kleur set size:undefined disposed:false
95 silly fetch manifest prompts@^2.4.2
96 silly packumentCache full:https://registry.npmjs.org/prompts cache-miss
97 http fetch GET 200 https://registry.npmjs.org/postcss 589ms (cache miss)
98 silly packumentCache full:https://registry.npmjs.org/postcss set size:undefined disposed:false
99 silly fetch manifest recast@^0.23.11
100 silly packumentCache full:https://registry.npmjs.org/recast cache-miss
101 http fetch GET 200 https://registry.npmjs.org/@babel%2fplugin-transform-typescript 2929ms (cache miss)
102 silly packumentCache full:https://registry.npmjs.org/@babel%2fplugin-transform-typescript set size:undefined disposed:false
103 silly fetch manifest stringify-object@^5.0.0
104 silly packumentCache full:https://registry.npmjs.org/stringify-object cache-miss
105 http fetch GET 200 https://registry.npmjs.org/ora 731ms (cache miss)
106 silly packumentCache full:https://registry.npmjs.org/ora set size:undefined disposed:false
107 silly fetch manifest ts-morph@^26.0.0
108 silly packumentCache full:https://registry.npmjs.org/ts-morph cache-miss
109 http fetch GET 200 https://registry.npmjs.org/recast 302ms (cache miss)
110 silly packumentCache full:https://registry.npmjs.org/recast set size:undefined disposed:false
111 silly fetch manifest tsconfig-paths@^4.2.0
112 silly packumentCache full:https://registry.npmjs.org/tsconfig-paths cache-miss
113 http fetch GET 200 https://registry.npmjs.org/stringify-object 472ms (cache miss)
114 silly packumentCache full:https://registry.npmjs.org/stringify-object set size:undefined disposed:false
115 silly fetch manifest zod@^3.24.1
116 silly packumentCache full:https://registry.npmjs.org/zod cache-miss
117 http fetch GET 200 https://registry.npmjs.org/node-fetch 1478ms (cache miss)
118 silly packumentCache full:https://registry.npmjs.org/node-fetch set size:undefined disposed:false
119 silly fetch manifest zod-to-json-schema@^3.24.6
120 silly packumentCache full:https://registry.npmjs.org/zod-to-json-schema cache-miss
121 http fetch GET 200 https://registry.npmjs.org/prompts 871ms (cache miss)
122 silly packumentCache full:https://registry.npmjs.org/prompts set size:undefined disposed:false
123 http fetch GET 200 https://registry.npmjs.org/tsconfig-paths 569ms (cache miss)
124 silly packumentCache full:https://registry.npmjs.org/tsconfig-paths set size:undefined disposed:false
125 http fetch GET 200 https://registry.npmjs.org/fast-glob 2157ms (cache miss)
126 silly packumentCache full:https://registry.npmjs.org/fast-glob set size:undefined disposed:false
127 http fetch GET 200 https://registry.npmjs.org/fuzzysort 2104ms (cache miss)
128 silly packumentCache full:https://registry.npmjs.org/fuzzysort set size:undefined disposed:false
129 http fetch GET 200 https://registry.npmjs.org/ts-morph 1052ms (cache miss)
130 silly packumentCache full:https://registry.npmjs.org/ts-morph set size:undefined disposed:false
131 http fetch GET 200 https://registry.npmjs.org/zod-to-json-schema 1035ms (cache miss)
132 silly packumentCache full:https://registry.npmjs.org/zod-to-json-schema set size:undefined disposed:false
133 http fetch GET 200 https://registry.npmjs.org/zod 2598ms (cache miss)
134 silly packumentCache full:https://registry.npmjs.org/zod set size:undefined disposed:false
135 silly fetch manifest typescript@>=4.9.5
136 silly packumentCache full:https://registry.npmjs.org/typescript cache-miss
137 http fetch GET 200 https://registry.npmjs.org/typescript 64391ms (cache miss)
138 silly packumentCache full:https://registry.npmjs.org/typescript set size:undefined disposed:false
139 silly fetch manifest babel-plugin-macros@^3.1.0
140 silly packumentCache full:https://registry.npmjs.org/babel-plugin-macros cache-miss
141 http fetch GET 200 https://registry.npmjs.org/babel-plugin-macros 559ms (cache miss)
142 silly packumentCache full:https://registry.npmjs.org/babel-plugin-macros set size:undefined disposed:false
143 silly fetch manifest typescript@>= 4.8.x
144 silly packumentCache full:https://registry.npmjs.org/typescript cache-miss
145 http fetch GET 200 https://registry.npmjs.org/typescript 29ms (cache hit)
146 silly packumentCache full:https://registry.npmjs.org/typescript set size:14655015 disposed:false
147 silly placeDep ROOT @antfu/ni@25.0.0 OK for: shadcn@3.2.1 want: ^25.0.0
148 silly placeDep ROOT @babel/core@7.28.4 OK for: shadcn@3.2.1 want: ^7.28.0
149 silly placeDep ROOT @babel/parser@7.28.4 OK for: shadcn@3.2.1 want: ^7.28.0
150 silly placeDep ROOT @babel/plugin-transform-typescript@7.28.0 OK for: shadcn@3.2.1 want: ^7.28.0
151 silly placeDep ROOT @dotenvx/dotenvx@1.49.0 OK for: shadcn@3.2.1 want: ^1.48.4
152 silly placeDep ROOT @modelcontextprotocol/sdk@1.18.0 OK for: shadcn@3.2.1 want: ^1.17.2
153 silly placeDep ROOT commander@14.0.1 OK for: shadcn@3.2.1 want: ^14.0.0
154 silly placeDep ROOT cosmiconfig@9.0.0 OK for: shadcn@3.2.1 want: ^9.0.0
155 silly placeDep ROOT dedent@1.7.0 OK for: shadcn@3.2.1 want: ^1.6.0
156 silly placeDep ROOT deepmerge@4.3.1 OK for: shadcn@3.2.1 want: ^4.3.1
157 silly placeDep ROOT diff@8.0.2 OK for: shadcn@3.2.1 want: ^8.0.2
158 silly placeDep ROOT execa@9.6.0 OK for: shadcn@3.2.1 want: ^9.6.0
159 silly placeDep ROOT fast-glob@3.3.3 OK for: shadcn@3.2.1 want: ^3.3.3
160 silly placeDep ROOT fs-extra@11.3.1 OK for: shadcn@3.2.1 want: ^11.3.1
161 silly placeDep ROOT fuzzysort@3.1.0 OK for: shadcn@3.2.1 want: ^3.1.0
162 silly placeDep ROOT https-proxy-agent@7.0.6 OK for: shadcn@3.2.1 want: ^7.0.6
163 silly placeDep ROOT kleur@4.1.5 OK for: shadcn@3.2.1 want: ^4.1.5
164 silly placeDep ROOT msw@2.11.2 OK for: shadcn@3.2.1 want: ^2.10.4
165 silly placeDep ROOT node-fetch@3.3.2 OK for: shadcn@3.2.1 want: ^3.3.2
166 silly placeDep ROOT ora@8.2.0 OK for: shadcn@3.2.1 want: ^8.2.0
167 silly placeDep ROOT postcss@8.5.6 OK for: shadcn@3.2.1 want: ^8.5.6
168 silly placeDep ROOT prompts@2.4.2 OK for: shadcn@3.2.1 want: ^2.4.2
169 silly placeDep ROOT recast@0.23.11 OK for: shadcn@3.2.1 want: ^0.23.11
170 silly placeDep ROOT stringify-object@5.0.0 OK for: shadcn@3.2.1 want: ^5.0.0
171 silly placeDep ROOT ts-morph@26.0.0 OK for: shadcn@3.2.1 want: ^26.0.0
172 silly placeDep ROOT tsconfig-paths@4.2.0 OK for: shadcn@3.2.1 want: ^4.2.0
173 silly placeDep ROOT zod@3.25.76 OK for: shadcn@3.2.1 want: ^3.24.1
174 silly placeDep ROOT zod-to-json-schema@3.24.6 OK for: shadcn@3.2.1 want: ^3.24.6
175 silly fetch manifest ansis@^4.0.0
176 silly packumentCache full:https://registry.npmjs.org/ansis cache-miss
177 silly fetch manifest fzf@^0.5.2
178 silly packumentCache full:https://registry.npmjs.org/fzf cache-miss
179 silly fetch manifest package-manager-detector@^1.3.0
180 silly packumentCache full:https://registry.npmjs.org/package-manager-detector cache-miss
181 silly fetch manifest tinyexec@^1.0.1
182 silly packumentCache full:https://registry.npmjs.org/tinyexec cache-miss
183 silly fetch manifest debug@^4.1.0
184 silly packumentCache full:https://registry.npmjs.org/debug cache-miss
185 silly fetch manifest json5@^2.2.3
186 silly packumentCache full:https://registry.npmjs.org/json5 cache-miss
187 silly fetch manifest semver@^6.3.1
188 silly packumentCache full:https://registry.npmjs.org/semver cache-miss
189 http fetch GET 200 https://registry.npmjs.org/fzf 237ms (cache miss)
190 silly packumentCache full:https://registry.npmjs.org/fzf set size:undefined disposed:false
191 silly fetch manifest gensync@^1.0.0-beta.2
192 silly packumentCache full:https://registry.npmjs.org/gensync cache-miss
193 http fetch GET 200 https://registry.npmjs.org/semver 571ms (cache miss)
194 silly packumentCache full:https://registry.npmjs.org/semver set size:undefined disposed:false
195 silly fetch manifest @babel/types@^7.28.4
196 silly packumentCache full:https://registry.npmjs.org/@babel%2ftypes cache-miss
197 http fetch GET 200 https://registry.npmjs.org/gensync 656ms (cache miss)
198 silly packumentCache full:https://registry.npmjs.org/gensync set size:undefined disposed:false
199 silly fetch manifest @babel/parser@^7.28.4
200 silly packumentCache full:https://registry.npmjs.org/@babel%2fparser cache-miss
201 http fetch GET 200 https://registry.npmjs.org/@babel%2fparser 2ms (cache hit)
202 silly packumentCache full:https://registry.npmjs.org/@babel%2fparser set size:698218 disposed:false
203 silly fetch manifest @babel/helpers@^7.28.4
204 silly packumentCache full:https://registry.npmjs.org/@babel%2fhelpers cache-miss
205 http fetch GET 200 https://registry.npmjs.org/package-manager-detector 1008ms (cache miss)
206 silly packumentCache full:https://registry.npmjs.org/package-manager-detector set size:undefined disposed:false
207 silly fetch manifest @babel/template@^7.27.2
208 silly packumentCache full:https://registry.npmjs.org/@babel%2ftemplate cache-miss
209 http fetch GET 200 https://registry.npmjs.org/ansis 1014ms (cache miss)
210 silly packumentCache full:https://registry.npmjs.org/ansis set size:undefined disposed:false
211 silly fetch manifest @babel/traverse@^7.28.4
212 silly packumentCache full:https://registry.npmjs.org/@babel%2ftraverse cache-miss
213 http fetch GET 200 https://registry.npmjs.org/debug 1084ms (cache miss)
214 silly packumentCache full:https://registry.npmjs.org/debug set size:undefined disposed:false
215 silly fetch manifest @babel/generator@^7.28.3
216 silly packumentCache full:https://registry.npmjs.org/@babel%2fgenerator cache-miss
217 http fetch GET 200 https://registry.npmjs.org/@babel%2ftypes 714ms (cache miss)
218 silly packumentCache full:https://registry.npmjs.org/@babel%2ftypes set size:undefined disposed:false
219 silly fetch manifest @babel/code-frame@^7.27.1
220 silly packumentCache full:https://registry.npmjs.org/@babel%2fcode-frame cache-miss
221 http fetch GET 200 https://registry.npmjs.org/json5 1419ms (cache miss)
222 silly packumentCache full:https://registry.npmjs.org/json5 set size:undefined disposed:false
223 silly fetch manifest convert-source-map@^2.0.0
224 silly packumentCache full:https://registry.npmjs.org/convert-source-map cache-miss
225 http fetch GET 200 https://registry.npmjs.org/tinyexec 1493ms (cache miss)
226 silly packumentCache full:https://registry.npmjs.org/tinyexec set size:undefined disposed:false
227 silly fetch manifest @jridgewell/remapping@^2.3.5
228 silly packumentCache full:https://registry.npmjs.org/@jridgewell%2fremapping cache-miss
229 http fetch GET 200 https://registry.npmjs.org/@babel%2fgenerator 930ms (cache miss)
230 silly packumentCache full:https://registry.npmjs.org/@babel%2fgenerator set size:undefined disposed:false
231 silly fetch manifest @babel/helper-module-transforms@^7.28.3
232 silly packumentCache full:https://registry.npmjs.org/@babel%2fhelper-module-transforms cache-miss
233 http fetch GET 200 https://registry.npmjs.org/convert-source-map 664ms (cache miss)
234 silly packumentCache full:https://registry.npmjs.org/convert-source-map set size:undefined disposed:false
235 silly fetch manifest @babel/helper-compilation-targets@^7.27.2
236 silly packumentCache full:https://registry.npmjs.org/@babel%2fhelper-compilation-targets cache-miss
237 http fetch GET 200 https://registry.npmjs.org/@jridgewell%2fremapping 623ms (cache miss)
238 silly packumentCache full:https://registry.npmjs.org/@jridgewell%2fremapping set size:undefined disposed:false
239 silly fetch manifest @babel/helper-plugin-utils@^7.27.1
240 silly packumentCache full:https://registry.npmjs.org/@babel%2fhelper-plugin-utils cache-miss
241 http fetch GET 200 https://registry.npmjs.org/@babel%2fhelpers 1235ms (cache miss)
242 silly packumentCache full:https://registry.npmjs.org/@babel%2fhelpers set size:undefined disposed:false
243 silly fetch manifest @babel/helper-annotate-as-pure@^7.27.3
244 silly packumentCache full:https://registry.npmjs.org/@babel%2fhelper-annotate-as-pure cache-miss
245 http fetch GET 200 https://registry.npmjs.org/@babel%2fhelper-annotate-as-pure 759ms (cache miss)
246 silly packumentCache full:https://registry.npmjs.org/@babel%2fhelper-annotate-as-pure set size:undefined disposed:false
247 silly fetch manifest @babel/plugin-syntax-typescript@^7.27.1
248 silly packumentCache full:https://registry.npmjs.org/@babel%2fplugin-syntax-typescript cache-miss
249 http fetch GET 200 https://registry.npmjs.org/@babel%2fhelper-plugin-utils 1027ms (cache miss)
250 silly packumentCache full:https://registry.npmjs.org/@babel%2fhelper-plugin-utils set size:undefined disposed:false
251 silly fetch manifest @babel/helper-create-class-features-plugin@^7.27.1
252 silly packumentCache full:https://registry.npmjs.org/@babel%2fhelper-create-class-features-plugin cache-miss
253 http fetch GET 200 https://registry.npmjs.org/@babel%2fplugin-syntax-typescript 606ms (cache miss)
254 silly packumentCache full:https://registry.npmjs.org/@babel%2fplugin-syntax-typescript set size:undefined disposed:false
255 silly fetch manifest @babel/helper-skip-transparent-expression-wrappers@^7.27.1
256 silly packumentCache full:https://registry.npmjs.org/@babel%2fhelper-skip-transparent-expression-wrappers cache-miss
257 http fetch GET 200 https://registry.npmjs.org/@babel%2fhelper-create-class-features-plugin 441ms (cache miss)
258 silly packumentCache full:https://registry.npmjs.org/@babel%2fhelper-create-class-features-plugin set size:undefined disposed:false
259 silly fetch manifest commander@^11.1.0
260 silly packumentCache full:https://registry.npmjs.org/commander cache-miss
261 http fetch GET 200 https://registry.npmjs.org/@babel%2fcode-frame 2302ms (cache miss)
262 silly packumentCache full:https://registry.npmjs.org/@babel%2fcode-frame set size:undefined disposed:false
263 silly fetch manifest dotenv@^17.2.1
264 silly packumentCache full:https://registry.npmjs.org/dotenv cache-miss
265 http fetch GET 200 https://registry.npmjs.org/commander 5ms (cache hit)
266 silly packumentCache full:https://registry.npmjs.org/commander set size:342763 disposed:false
267 silly fetch manifest eciesjs@^0.4.10
268 silly packumentCache full:https://registry.npmjs.org/eciesjs cache-miss
269 http fetch GET 200 https://registry.npmjs.org/@babel%2fhelper-compilation-targets 1974ms (cache miss)
270 silly packumentCache full:https://registry.npmjs.org/@babel%2fhelper-compilation-targets set size:undefined disposed:false
271 silly fetch manifest execa@^5.1.1
272 silly packumentCache full:https://registry.npmjs.org/execa cache-miss
273 http fetch GET 200 https://registry.npmjs.org/execa 17ms (cache hit)
274 silly packumentCache full:https://registry.npmjs.org/execa set size:177223 disposed:false
275 silly fetch manifest fdir@^6.2.0
276 silly packumentCache full:https://registry.npmjs.org/fdir cache-miss
277 http fetch GET 200 https://registry.npmjs.org/@babel%2fhelper-module-transforms 2137ms (cache miss)
278 silly packumentCache full:https://registry.npmjs.org/@babel%2fhelper-module-transforms set size:undefined disposed:false
279 silly fetch manifest ignore@^5.3.0
280 silly packumentCache full:https://registry.npmjs.org/ignore cache-miss
281 http fetch GET 200 https://registry.npmjs.org/dotenv 608ms (cache miss)
282 silly packumentCache full:https://registry.npmjs.org/dotenv set size:undefined disposed:false
283 silly fetch manifest object-treeify@1.1.33
284 silly packumentCache full:https://registry.npmjs.org/object-treeify cache-miss
285 http fetch GET 200 https://registry.npmjs.org/@babel%2fhelper-skip-transparent-expression-wrappers 746ms (cache miss)
286 silly packumentCache full:https://registry.npmjs.org/@babel%2fhelper-skip-transparent-expression-wrappers set size:undefined disposed:false
287 silly fetch manifest picomatch@^4.0.2
288 silly packumentCache full:https://registry.npmjs.org/picomatch cache-miss
289 http fetch GET 200 https://registry.npmjs.org/object-treeify 425ms (cache miss)
290 silly packumentCache full:https://registry.npmjs.org/object-treeify set size:undefined disposed:false
291 silly fetch manifest which@^4.0.0
292 silly packumentCache full:https://registry.npmjs.org/which cache-miss
293 http fetch GET 200 https://registry.npmjs.org/picomatch 587ms (cache miss)
294 silly packumentCache full:https://registry.npmjs.org/picomatch set size:undefined disposed:false
295 silly fetch manifest ajv@^6.12.6
296 silly packumentCache full:https://registry.npmjs.org/ajv cache-miss
297 http fetch GET 200 https://registry.npmjs.org/ignore 766ms (cache miss)
298 silly packumentCache full:https://registry.npmjs.org/ignore set size:undefined disposed:false
299 silly fetch manifest content-type@^1.0.5
300 silly packumentCache full:https://registry.npmjs.org/content-type cache-miss
301 http fetch GET 200 https://registry.npmjs.org/eciesjs 1560ms (cache miss)
302 silly packumentCache full:https://registry.npmjs.org/eciesjs set size:undefined disposed:false
303 silly fetch manifest cors@^2.8.5
304 silly packumentCache full:https://registry.npmjs.org/cors cache-miss
305 http fetch GET 200 https://registry.npmjs.org/content-type 241ms (cache miss)
306 silly packumentCache full:https://registry.npmjs.org/content-type set size:undefined disposed:false
307 silly fetch manifest cross-spawn@^7.0.5
308 silly packumentCache full:https://registry.npmjs.org/cross-spawn cache-miss
309 http fetch GET 200 https://registry.npmjs.org/which 628ms (cache miss)
310 silly packumentCache full:https://registry.npmjs.org/which set size:undefined disposed:false
311 silly fetch manifest eventsource@^3.0.2
312 silly packumentCache full:https://registry.npmjs.org/eventsource cache-miss
313 http fetch GET 200 https://registry.npmjs.org/cross-spawn 468ms (cache miss)
314 silly packumentCache full:https://registry.npmjs.org/cross-spawn set size:undefined disposed:false
315 silly fetch manifest eventsource-parser@^3.0.0
316 silly packumentCache full:https://registry.npmjs.org/eventsource-parser cache-miss
317 http fetch GET 200 https://registry.npmjs.org/fdir 1643ms (cache miss)
318 silly packumentCache full:https://registry.npmjs.org/fdir set size:undefined disposed:false
319 silly fetch manifest express@^5.0.1
320 silly packumentCache full:https://registry.npmjs.org/express cache-miss
321 http fetch GET 200 https://registry.npmjs.org/cors 732ms (cache miss)
322 silly packumentCache full:https://registry.npmjs.org/cors set size:undefined disposed:false
323 silly fetch manifest express-rate-limit@^7.5.0
324 silly packumentCache full:https://registry.npmjs.org/express-rate-limit cache-miss
325 http fetch GET 200 https://registry.npmjs.org/eventsource 636ms (cache miss)
326 silly packumentCache full:https://registry.npmjs.org/eventsource set size:undefined disposed:false
327 silly fetch manifest pkce-challenge@^5.0.0
328 silly packumentCache full:https://registry.npmjs.org/pkce-challenge cache-miss
329 http fetch GET 200 https://registry.npmjs.org/ajv 1696ms (cache miss)
330 silly packumentCache full:https://registry.npmjs.org/ajv set size:undefined disposed:false
331 silly fetch manifest raw-body@^3.0.0
332 silly packumentCache full:https://registry.npmjs.org/raw-body cache-miss
333 http fetch GET 200 https://registry.npmjs.org/eventsource-parser 1062ms (cache miss)
334 silly packumentCache full:https://registry.npmjs.org/eventsource-parser set size:undefined disposed:false
335 silly fetch manifest zod@^3.23.8
336 silly packumentCache full:https://registry.npmjs.org/zod cache-miss
337 http fetch GET 200 https://registry.npmjs.org/zod 8ms (cache hit)
338 silly packumentCache full:https://registry.npmjs.org/zod set size:3145286 disposed:false
339 silly fetch manifest zod-to-json-schema@^3.24.1
340 silly packumentCache full:https://registry.npmjs.org/zod-to-json-schema cache-miss
341 http fetch GET 200 https://registry.npmjs.org/zod-to-json-schema 4ms (cache hit)
342 silly packumentCache full:https://registry.npmjs.org/zod-to-json-schema set size:293597 disposed:false
343 silly fetch manifest env-paths@^2.2.1
344 silly packumentCache full:https://registry.npmjs.org/env-paths cache-miss
345 http fetch GET 200 https://registry.npmjs.org/env-paths 559ms (cache miss)
346 silly packumentCache full:https://registry.npmjs.org/env-paths set size:undefined disposed:false
347 silly fetch manifest import-fresh@^3.3.0
348 silly packumentCache full:https://registry.npmjs.org/import-fresh cache-miss
349 http fetch GET 200 https://registry.npmjs.org/raw-body 807ms (cache miss)
350 silly packumentCache full:https://registry.npmjs.org/raw-body set size:undefined disposed:false
351 silly fetch manifest js-yaml@^4.1.0
352 silly packumentCache full:https://registry.npmjs.org/js-yaml cache-miss
353 http fetch GET 200 https://registry.npmjs.org/@babel%2ftraverse 6409ms (cache miss)
354 silly packumentCache full:https://registry.npmjs.org/@babel%2ftraverse set size:undefined disposed:false
355 silly fetch manifest parse-json@^5.2.0
356 silly packumentCache full:https://registry.npmjs.org/parse-json cache-miss
357 http fetch GET 200 https://registry.npmjs.org/import-fresh 552ms (cache miss)
358 silly packumentCache full:https://registry.npmjs.org/import-fresh set size:undefined disposed:false
359 silly fetch manifest @sindresorhus/merge-streams@^4.0.0
360 silly packumentCache full:https://registry.npmjs.org/@sindresorhus%2fmerge-streams cache-miss
361 http fetch GET 200 https://registry.npmjs.org/express-rate-limit 2077ms (cache miss)
362 silly packumentCache full:https://registry.npmjs.org/express-rate-limit set size:undefined disposed:false
363 silly fetch manifest cross-spawn@^7.0.6
364 silly packumentCache full:https://registry.npmjs.org/cross-spawn cache-miss
365 http fetch GET 200 https://registry.npmjs.org/cross-spawn 4ms (cache hit)
366 silly packumentCache full:https://registry.npmjs.org/cross-spawn set size:109066 disposed:false
367 silly fetch manifest figures@^6.1.0
368 silly packumentCache full:https://registry.npmjs.org/figures cache-miss
369 http fetch GET 200 https://registry.npmjs.org/js-yaml 660ms (cache miss)
370 silly packumentCache full:https://registry.npmjs.org/js-yaml set size:undefined disposed:false
371 silly fetch manifest get-stream@^9.0.0
372 silly packumentCache full:https://registry.npmjs.org/get-stream cache-miss
373 http fetch GET 200 https://registry.npmjs.org/pkce-challenge 2371ms (cache miss)
374 silly packumentCache full:https://registry.npmjs.org/pkce-challenge set size:undefined disposed:false
375 silly fetch manifest human-signals@^8.0.1
376 silly packumentCache full:https://registry.npmjs.org/human-signals cache-miss
377 http fetch GET 200 https://registry.npmjs.org/@sindresorhus%2fmerge-streams 542ms (cache miss)
378 silly packumentCache full:https://registry.npmjs.org/@sindresorhus%2fmerge-streams set size:undefined disposed:false
379 silly fetch manifest is-plain-obj@^4.1.0
380 silly packumentCache full:https://registry.npmjs.org/is-plain-obj cache-miss
381 http fetch GET 200 https://registry.npmjs.org/get-stream 515ms (cache miss)
382 silly packumentCache full:https://registry.npmjs.org/get-stream set size:undefined disposed:false
383 silly fetch manifest is-stream@^4.0.1
384 silly packumentCache full:https://registry.npmjs.org/is-stream cache-miss
385 http fetch GET 200 https://registry.npmjs.org/figures 617ms (cache miss)
386 silly packumentCache full:https://registry.npmjs.org/figures set size:undefined disposed:false
387 silly fetch manifest npm-run-path@^6.0.0
388 silly packumentCache full:https://registry.npmjs.org/npm-run-path cache-miss
389 http fetch GET 200 https://registry.npmjs.org/is-plain-obj 471ms (cache miss)
390 silly packumentCache full:https://registry.npmjs.org/is-plain-obj set size:undefined disposed:false
391 silly fetch manifest pretty-ms@^9.2.0
392 silly packumentCache full:https://registry.npmjs.org/pretty-ms cache-miss
393 http fetch GET 200 https://registry.npmjs.org/human-signals 593ms (cache miss)
394 silly packumentCache full:https://registry.npmjs.org/human-signals set size:undefined disposed:false
395 silly fetch manifest signal-exit@^4.1.0
396 silly packumentCache full:https://registry.npmjs.org/signal-exit cache-miss
397 http fetch GET 200 https://registry.npmjs.org/is-stream 475ms (cache miss)
398 silly packumentCache full:https://registry.npmjs.org/is-stream set size:undefined disposed:false
399 silly fetch manifest strip-final-newline@^4.0.0
400 silly packumentCache full:https://registry.npmjs.org/strip-final-newline cache-miss
401 http fetch GET 200 https://registry.npmjs.org/npm-run-path 766ms (cache miss)
402 silly packumentCache full:https://registry.npmjs.org/npm-run-path set size:undefined disposed:false
403 silly fetch manifest yoctocolors@^2.1.1
404 silly packumentCache full:https://registry.npmjs.org/yoctocolors cache-miss
405 http fetch GET 200 https://registry.npmjs.org/strip-final-newline 495ms (cache miss)
406 silly packumentCache full:https://registry.npmjs.org/strip-final-newline set size:undefined disposed:false
407 silly fetch manifest @nodelib/fs.stat@^2.0.2
408 silly packumentCache full:https://registry.npmjs.org/@nodelib%2ffs.stat cache-miss
409 http fetch GET 200 https://registry.npmjs.org/pretty-ms 834ms (cache miss)
410 silly packumentCache full:https://registry.npmjs.org/pretty-ms set size:undefined disposed:false
411 silly fetch manifest @nodelib/fs.walk@^1.2.3
412 silly packumentCache full:https://registry.npmjs.org/@nodelib%2ffs.walk cache-miss
413 http fetch GET 200 https://registry.npmjs.org/yoctocolors 407ms (cache miss)
414 silly packumentCache full:https://registry.npmjs.org/yoctocolors set size:undefined disposed:false
415 silly fetch manifest glob-parent@^5.1.2
416 silly packumentCache full:https://registry.npmjs.org/glob-parent cache-miss
417 http fetch GET 200 https://registry.npmjs.org/parse-json 2463ms (cache miss)
418 silly packumentCache full:https://registry.npmjs.org/parse-json set size:undefined disposed:false
419 silly fetch manifest merge2@^1.3.0
420 silly packumentCache full:https://registry.npmjs.org/merge2 cache-miss
421 http fetch GET 200 https://registry.npmjs.org/signal-exit 1175ms (cache miss)
422 silly packumentCache full:https://registry.npmjs.org/signal-exit set size:undefined disposed:false
423 silly fetch manifest micromatch@^4.0.8
424 silly packumentCache full:https://registry.npmjs.org/micromatch cache-miss
425 http fetch GET 200 https://registry.npmjs.org/@nodelib%2ffs.stat 738ms (cache miss)
426 silly packumentCache full:https://registry.npmjs.org/@nodelib%2ffs.stat set size:undefined disposed:false
427 silly fetch manifest graceful-fs@^4.2.0
428 silly packumentCache full:https://registry.npmjs.org/graceful-fs cache-miss
429 http fetch GET 200 https://registry.npmjs.org/express 4640ms (cache miss)
430 silly packumentCache full:https://registry.npmjs.org/express set size:undefined disposed:false
431 silly fetch manifest jsonfile@^6.0.1
432 silly packumentCache full:https://registry.npmjs.org/jsonfile cache-miss
433 http fetch GET 200 https://registry.npmjs.org/glob-parent 663ms (cache miss)
434 silly packumentCache full:https://registry.npmjs.org/glob-parent set size:undefined disposed:false
435 silly fetch manifest universalify@^2.0.0
436 silly packumentCache full:https://registry.npmjs.org/universalify cache-miss
437 http fetch GET 200 https://registry.npmjs.org/universalify 369ms (cache miss)
438 silly packumentCache full:https://registry.npmjs.org/universalify set size:undefined disposed:false
439 silly fetch manifest agent-base@^7.1.2
440 silly packumentCache full:https://registry.npmjs.org/agent-base cache-miss
441 http fetch GET 200 https://registry.npmjs.org/@nodelib%2ffs.walk 1272ms (cache miss)
442 silly packumentCache full:https://registry.npmjs.org/@nodelib%2ffs.walk set size:undefined disposed:false
443 silly fetch manifest debug@4
444 silly packumentCache full:https://registry.npmjs.org/debug cache-miss
445 http fetch GET 200 https://registry.npmjs.org/debug 10ms (cache hit)
446 silly packumentCache full:https://registry.npmjs.org/debug set size:170512 disposed:false
447 silly fetch manifest @bundled-es-modules/cookie@^2.0.1
448 silly packumentCache full:https://registry.npmjs.org/@bundled-es-modules%2fcookie cache-miss
449 http fetch GET 200 https://registry.npmjs.org/jsonfile 627ms (cache miss)
450 silly packumentCache full:https://registry.npmjs.org/jsonfile set size:undefined disposed:false
451 silly fetch manifest @bundled-es-modules/statuses@^1.0.1
452 silly packumentCache full:https://registry.npmjs.org/@bundled-es-modules%2fstatuses cache-miss
453 http fetch GET 200 https://registry.npmjs.org/merge2 1276ms (cache miss)
454 silly packumentCache full:https://registry.npmjs.org/merge2 set size:undefined disposed:false
455 silly fetch manifest @inquirer/confirm@^5.0.0
456 silly packumentCache full:https://registry.npmjs.org/@inquirer%2fconfirm cache-miss
457 http fetch GET 200 https://registry.npmjs.org/micromatch 1218ms (cache miss)
458 silly packumentCache full:https://registry.npmjs.org/micromatch set size:undefined disposed:false
459 silly fetch manifest @mswjs/interceptors@^0.39.1
460 silly packumentCache full:https://registry.npmjs.org/@mswjs%2finterceptors cache-miss
461 http fetch GET 200 https://registry.npmjs.org/graceful-fs 1040ms (cache miss)
462 silly packumentCache full:https://registry.npmjs.org/graceful-fs set size:undefined disposed:false
463 silly fetch manifest @open-draft/deferred-promise@^2.2.0
464 silly packumentCache full:https://registry.npmjs.org/@open-draft%2fdeferred-promise cache-miss
465 http fetch GET 200 https://registry.npmjs.org/agent-base 713ms (cache miss)
466 silly packumentCache full:https://registry.npmjs.org/agent-base set size:undefined disposed:false
467 silly fetch manifest @open-draft/until@^2.1.0
468 silly packumentCache full:https://registry.npmjs.org/@open-draft%2funtil cache-miss
469 http fetch GET 200 https://registry.npmjs.org/@bundled-es-modules%2fcookie 588ms (cache miss)
470 silly packumentCache full:https://registry.npmjs.org/@bundled-es-modules%2fcookie set size:undefined disposed:false
471 silly fetch manifest @types/cookie@^0.6.0
472 silly packumentCache full:https://registry.npmjs.org/@types%2fcookie cache-miss
473 http fetch GET 200 https://registry.npmjs.org/@bundled-es-modules%2fstatuses 629ms (cache miss)
474 silly packumentCache full:https://registry.npmjs.org/@bundled-es-modules%2fstatuses set size:undefined disposed:false
475 silly fetch manifest @types/statuses@^2.0.4
476 silly packumentCache full:https://registry.npmjs.org/@types%2fstatuses cache-miss
477 http fetch GET 200 https://registry.npmjs.org/@open-draft%2fdeferred-promise 703ms (cache miss)
478 silly packumentCache full:https://registry.npmjs.org/@open-draft%2fdeferred-promise set size:undefined disposed:false
479 silly fetch manifest graphql@^16.8.1
480 silly packumentCache full:https://registry.npmjs.org/graphql cache-miss
481 http fetch GET 200 https://registry.npmjs.org/@open-draft%2funtil 486ms (cache miss)
482 silly packumentCache full:https://registry.npmjs.org/@open-draft%2funtil set size:undefined disposed:false
483 silly fetch manifest headers-polyfill@^4.0.2
484 silly packumentCache full:https://registry.npmjs.org/headers-polyfill cache-miss
485 http fetch GET 200 https://registry.npmjs.org/@types%2fcookie 471ms (cache miss)
486 silly packumentCache full:https://registry.npmjs.org/@types%2fcookie set size:undefined disposed:false
487 silly fetch manifest is-node-process@^1.2.0
488 silly packumentCache full:https://registry.npmjs.org/is-node-process cache-miss
489 http fetch GET 200 https://registry.npmjs.org/@types%2fstatuses 614ms (cache miss)
490 silly packumentCache full:https://registry.npmjs.org/@types%2fstatuses set size:undefined disposed:false
491 silly fetch manifest outvariant@^1.4.3
492 silly packumentCache full:https://registry.npmjs.org/outvariant cache-miss
493 http fetch GET 200 https://registry.npmjs.org/is-node-process 306ms (cache miss)
494 silly packumentCache full:https://registry.npmjs.org/is-node-process set size:undefined disposed:false
495 silly fetch manifest path-to-regexp@^6.3.0
496 silly packumentCache full:https://registry.npmjs.org/path-to-regexp cache-miss
497 http fetch GET 200 https://registry.npmjs.org/headers-polyfill 567ms (cache miss)
498 silly packumentCache full:https://registry.npmjs.org/headers-polyfill set size:undefined disposed:false
499 silly fetch manifest picocolors@^1.1.1
500 silly packumentCache full:https://registry.npmjs.org/picocolors cache-miss
501 http fetch GET 200 https://registry.npmjs.org/picocolors 352ms (cache miss)
502 silly packumentCache full:https://registry.npmjs.org/picocolors set size:undefined disposed:false
503 silly fetch manifest rettime@^0.7.0
504 silly packumentCache full:https://registry.npmjs.org/rettime cache-miss
505 http fetch GET 200 https://registry.npmjs.org/outvariant 708ms (cache miss)
506 silly packumentCache full:https://registry.npmjs.org/outvariant set size:undefined disposed:false
507 silly fetch manifest strict-event-emitter@^0.5.1
508 silly packumentCache full:https://registry.npmjs.org/strict-event-emitter cache-miss
509 http fetch GET 200 https://registry.npmjs.org/@inquirer%2fconfirm 1981ms (cache miss)
510 silly packumentCache full:https://registry.npmjs.org/@inquirer%2fconfirm set size:undefined disposed:false
511 silly fetch manifest tough-cookie@^6.0.0
512 silly packumentCache full:https://registry.npmjs.org/tough-cookie cache-miss
513 http fetch GET 200 https://registry.npmjs.org/rettime 477ms (cache miss)
514 silly packumentCache full:https://registry.npmjs.org/rettime set size:undefined disposed:false
515 silly fetch manifest type-fest@^4.26.1
516 silly packumentCache full:https://registry.npmjs.org/type-fest cache-miss
517 http fetch GET 200 https://registry.npmjs.org/strict-event-emitter 523ms (cache miss)
518 silly packumentCache full:https://registry.npmjs.org/strict-event-emitter set size:undefined disposed:false
519 silly fetch manifest yargs@^17.7.2
520 silly packumentCache full:https://registry.npmjs.org/yargs cache-miss
521 http fetch GET 200 https://registry.npmjs.org/@mswjs%2finterceptors 2764ms (cache miss)
522 silly packumentCache full:https://registry.npmjs.org/@mswjs%2finterceptors set size:undefined disposed:false
523 silly fetch manifest data-uri-to-buffer@^4.0.0
524 silly packumentCache full:https://registry.npmjs.org/data-uri-to-buffer cache-miss
525 http fetch GET 200 https://registry.npmjs.org/path-to-regexp 1804ms (cache miss)
526 silly packumentCache full:https://registry.npmjs.org/path-to-regexp set size:undefined disposed:false
527 silly fetch manifest fetch-blob@^3.1.4
528 silly packumentCache full:https://registry.npmjs.org/fetch-blob cache-miss
529 http fetch GET 200 https://registry.npmjs.org/graphql 2173ms (cache miss)
530 silly packumentCache full:https://registry.npmjs.org/graphql set size:undefined disposed:false
531 silly fetch manifest formdata-polyfill@^4.0.10
532 silly packumentCache full:https://registry.npmjs.org/formdata-polyfill cache-miss
533 http fetch GET 200 https://registry.npmjs.org/tough-cookie 1118ms (cache miss)
534 silly packumentCache full:https://registry.npmjs.org/tough-cookie set size:undefined disposed:false
535 silly fetch manifest chalk@^5.3.0
536 silly packumentCache full:https://registry.npmjs.org/chalk cache-miss
537 http fetch GET 200 https://registry.npmjs.org/data-uri-to-buffer 807ms (cache miss)
538 silly packumentCache full:https://registry.npmjs.org/data-uri-to-buffer set size:undefined disposed:false
539 silly fetch manifest cli-cursor@^5.0.0
540 silly packumentCache full:https://registry.npmjs.org/cli-cursor cache-miss
541 http fetch GET 200 https://registry.npmjs.org/fetch-blob 776ms (cache miss)
542 silly packumentCache full:https://registry.npmjs.org/fetch-blob set size:undefined disposed:false
543 silly fetch manifest cli-spinners@^2.9.2
544 silly packumentCache full:https://registry.npmjs.org/cli-spinners cache-miss
545 http fetch GET 200 https://registry.npmjs.org/formdata-polyfill 1256ms (cache miss)
546 silly packumentCache full:https://registry.npmjs.org/formdata-polyfill set size:undefined disposed:false
547 silly fetch manifest is-interactive@^2.0.0
548 silly packumentCache full:https://registry.npmjs.org/is-interactive cache-miss
549 http fetch GET 200 https://registry.npmjs.org/cli-spinners 730ms (cache miss)
550 silly packumentCache full:https://registry.npmjs.org/cli-spinners set size:undefined disposed:false
551 silly fetch manifest is-unicode-supported@^2.0.0
552 silly packumentCache full:https://registry.npmjs.org/is-unicode-supported cache-miss
553 http fetch GET 200 https://registry.npmjs.org/chalk 1409ms (cache miss)
554 silly packumentCache full:https://registry.npmjs.org/chalk set size:undefined disposed:false
555 silly fetch manifest log-symbols@^6.0.0
556 silly packumentCache full:https://registry.npmjs.org/log-symbols cache-miss
557 http fetch GET 200 https://registry.npmjs.org/is-interactive 269ms (cache miss)
558 silly packumentCache full:https://registry.npmjs.org/is-interactive set size:undefined disposed:false
559 silly fetch manifest stdin-discarder@^0.2.2
560 silly packumentCache full:https://registry.npmjs.org/stdin-discarder cache-miss
561 http fetch GET 200 https://registry.npmjs.org/cli-cursor 963ms (cache miss)
562 silly packumentCache full:https://registry.npmjs.org/cli-cursor set size:undefined disposed:false
563 silly fetch manifest string-width@^7.2.0
564 silly packumentCache full:https://registry.npmjs.org/string-width cache-miss
565 http fetch GET 200 https://registry.npmjs.org/is-unicode-supported 495ms (cache miss)
566 silly packumentCache full:https://registry.npmjs.org/is-unicode-supported set size:undefined disposed:false
567 silly fetch manifest strip-ansi@^7.1.0
568 silly packumentCache full:https://registry.npmjs.org/strip-ansi cache-miss
569 http fetch GET 200 https://registry.npmjs.org/stdin-discarder 475ms (cache miss)
570 silly packumentCache full:https://registry.npmjs.org/stdin-discarder set size:undefined disposed:false
571 silly fetch manifest nanoid@^3.3.11
572 silly packumentCache full:https://registry.npmjs.org/nanoid cache-miss
573 http fetch GET 200 https://registry.npmjs.org/type-fest 2769ms (cache miss)
574 silly packumentCache full:https://registry.npmjs.org/type-fest set size:undefined disposed:false
575 silly fetch manifest source-map-js@^1.2.1
576 silly packumentCache full:https://registry.npmjs.org/source-map-js cache-miss
577 http fetch GET 200 https://registry.npmjs.org/log-symbols 726ms (cache miss)
578 silly packumentCache full:https://registry.npmjs.org/log-symbols set size:undefined disposed:false
579 silly fetch manifest kleur@^3.0.3
580 silly packumentCache full:https://registry.npmjs.org/kleur cache-miss
581 http fetch GET 200 https://registry.npmjs.org/kleur 10ms (cache hit)
582 silly packumentCache full:https://registry.npmjs.org/kleur set size:61853 disposed:false
583 silly fetch manifest sisteransi@^1.0.5
584 silly packumentCache full:https://registry.npmjs.org/sisteransi cache-miss
585 http fetch GET 200 https://registry.npmjs.org/string-width 841ms (cache miss)
586 silly packumentCache full:https://registry.npmjs.org/string-width set size:undefined disposed:false
587 silly fetch manifest ast-types@^0.16.1
588 silly packumentCache full:https://registry.npmjs.org/ast-types cache-miss
589 http fetch GET 200 https://registry.npmjs.org/source-map-js 492ms (cache miss)
590 silly packumentCache full:https://registry.npmjs.org/source-map-js set size:undefined disposed:false
591 silly fetch manifest esprima@~4.0.0
592 silly packumentCache full:https://registry.npmjs.org/esprima cache-miss
593 http fetch GET 200 https://registry.npmjs.org/yargs 3279ms (cache miss)
594 silly packumentCache full:https://registry.npmjs.org/yargs set size:undefined disposed:false
595 silly fetch manifest source-map@~0.6.1
596 silly packumentCache full:https://registry.npmjs.org/source-map cache-miss
597 http fetch GET 200 https://registry.npmjs.org/sisteransi 476ms (cache miss)
598 silly packumentCache full:https://registry.npmjs.org/sisteransi set size:undefined disposed:false
599 silly fetch manifest tiny-invariant@^1.3.3
600 silly packumentCache full:https://registry.npmjs.org/tiny-invariant cache-miss
601 http fetch GET 200 https://registry.npmjs.org/strip-ansi 735ms (cache miss)
602 silly packumentCache full:https://registry.npmjs.org/strip-ansi set size:undefined disposed:false
603 silly fetch manifest tslib@^2.0.1
604 silly packumentCache full:https://registry.npmjs.org/tslib cache-miss
605 http fetch GET 200 https://registry.npmjs.org/esprima 523ms (cache miss)
606 silly packumentCache full:https://registry.npmjs.org/esprima set size:undefined disposed:false
607 silly fetch manifest is-obj@^3.0.0
608 silly packumentCache full:https://registry.npmjs.org/is-obj cache-miss
609 http fetch GET 200 https://registry.npmjs.org/is-obj 304ms (cache miss)
610 silly packumentCache full:https://registry.npmjs.org/is-obj set size:undefined disposed:false
611 silly fetch manifest is-regexp@^3.1.0
612 silly packumentCache full:https://registry.npmjs.org/is-regexp cache-miss
613 http fetch GET 200 https://registry.npmjs.org/source-map 1004ms (cache miss)
614 silly packumentCache full:https://registry.npmjs.org/source-map set size:undefined disposed:false
615 silly fetch manifest get-own-enumerable-keys@^1.0.0
616 silly packumentCache full:https://registry.npmjs.org/get-own-enumerable-keys cache-miss
617 http fetch GET 200 https://registry.npmjs.org/tslib 910ms (cache miss)
618 silly packumentCache full:https://registry.npmjs.org/tslib set size:undefined disposed:false
619 silly fetch manifest @ts-morph/common@~0.27.0
620 silly packumentCache full:https://registry.npmjs.org/@ts-morph%2fcommon cache-miss
621 http fetch GET 200 https://registry.npmjs.org/nanoid 1656ms (cache miss)
622 silly packumentCache full:https://registry.npmjs.org/nanoid set size:undefined disposed:false
623 silly fetch manifest code-block-writer@^13.0.3
624 silly packumentCache full:https://registry.npmjs.org/code-block-writer cache-miss
625 http fetch GET 200 https://registry.npmjs.org/get-own-enumerable-keys 219ms (cache miss)
626 silly packumentCache full:https://registry.npmjs.org/get-own-enumerable-keys set size:undefined disposed:false
627 silly fetch manifest json5@^2.2.2
628 silly packumentCache full:https://registry.npmjs.org/json5 cache-miss
629 http fetch GET 200 https://registry.npmjs.org/json5 7ms (cache hit)
630 silly packumentCache full:https://registry.npmjs.org/json5 set size:86136 disposed:false
631 silly fetch manifest minimist@^1.2.6
632 silly packumentCache full:https://registry.npmjs.org/minimist cache-miss
633 http fetch GET 200 https://registry.npmjs.org/is-regexp 570ms (cache miss)
634 silly packumentCache full:https://registry.npmjs.org/is-regexp set size:undefined disposed:false
635 silly fetch manifest strip-bom@^3.0.0
636 silly packumentCache full:https://registry.npmjs.org/strip-bom cache-miss
637 http fetch GET 200 https://registry.npmjs.org/strip-bom 327ms (cache miss)
638 silly packumentCache full:https://registry.npmjs.org/strip-bom set size:undefined disposed:false
639 http fetch GET 200 https://registry.npmjs.org/tiny-invariant 1554ms (cache miss)
640 silly packumentCache full:https://registry.npmjs.org/tiny-invariant set size:undefined disposed:false
641 http fetch GET 200 https://registry.npmjs.org/ast-types 1858ms (cache miss)
642 silly packumentCache full:https://registry.npmjs.org/ast-types set size:undefined disposed:false
643 http fetch GET 200 https://registry.npmjs.org/minimist 616ms (cache miss)
644 silly packumentCache full:https://registry.npmjs.org/minimist set size:undefined disposed:false
645 http fetch GET 200 https://registry.npmjs.org/code-block-writer 1040ms (cache miss)
646 silly packumentCache full:https://registry.npmjs.org/code-block-writer set size:undefined disposed:false
647 http fetch GET 200 https://registry.npmjs.org/@ts-morph%2fcommon 2476ms (cache miss)
648 silly packumentCache full:https://registry.npmjs.org/@ts-morph%2fcommon set size:undefined disposed:false
649 http fetch GET 200 https://registry.npmjs.org/@babel%2ftemplate 23242ms (cache miss)
650 silly packumentCache full:https://registry.npmjs.org/@babel%2ftemplate set size:undefined disposed:false
651 silly placeDep ROOT ansis@4.1.0 OK for: @antfu/ni@25.0.0 want: ^4.0.0
652 silly placeDep ROOT fzf@0.5.2 OK for: @antfu/ni@25.0.0 want: ^0.5.2
653 silly placeDep ROOT package-manager-detector@1.3.0 OK for: @antfu/ni@25.0.0 want: ^1.3.0
654 silly placeDep ROOT tinyexec@1.0.1 OK for: @antfu/ni@25.0.0 want: ^1.0.1
655 silly fetch manifest @babel/core@^7.0.0
656 silly packumentCache full:https://registry.npmjs.org/@babel%2fcore cache-miss
657 http fetch GET 200 https://registry.npmjs.org/@babel%2fcore 4ms (cache hit)
658 silly packumentCache full:https://registry.npmjs.org/@babel%2fcore set size:731531 disposed:false
659 silly placeDep ROOT @babel/code-frame@7.27.1 OK for: @babel/core@7.28.4 want: ^7.27.1
660 silly placeDep ROOT @babel/generator@7.28.3 OK for: @babel/core@7.28.4 want: ^7.28.3
661 silly placeDep ROOT @babel/helper-compilation-targets@7.27.2 OK for: @babel/core@7.28.4 want: ^7.27.2
662 silly placeDep ROOT @babel/helper-module-transforms@7.28.3 OK for: @babel/core@7.28.4 want: ^7.28.3
663 silly placeDep ROOT @babel/helpers@7.28.4 OK for: @babel/core@7.28.4 want: ^7.28.4
664 silly placeDep ROOT @babel/template@7.27.2 OK for: @babel/core@7.28.4 want: ^7.27.2
665 silly placeDep ROOT @babel/traverse@7.28.4 OK for: @babel/core@7.28.4 want: ^7.28.4
666 silly placeDep ROOT @babel/types@7.28.4 OK for: @babel/core@7.28.4 want: ^7.28.4
667 silly placeDep ROOT @jridgewell/remapping@2.3.5 OK for: @babel/core@7.28.4 want: ^2.3.5
668 silly placeDep ROOT convert-source-map@2.0.0 OK for: @babel/core@7.28.4 want: ^2.0.0
669 silly placeDep ROOT debug@4.4.1 OK for: @babel/core@7.28.4 want: ^4.1.0
670 silly placeDep ROOT gensync@1.0.0-beta.2 OK for: @babel/core@7.28.4 want: ^1.0.0-beta.2
671 silly placeDep ROOT json5@2.2.3 OK for: @babel/core@7.28.4 want: ^2.2.3
672 silly placeDep ROOT semver@6.3.1 OK for: @babel/core@7.28.4 want: ^6.3.1
673 silly fetch manifest js-tokens@^4.0.0
674 silly packumentCache full:https://registry.npmjs.org/js-tokens cache-miss
675 silly fetch manifest @babel/helper-validator-identifier@^7.27.1
676 silly packumentCache full:https://registry.npmjs.org/@babel%2fhelper-validator-identifier cache-miss
677 silly fetch manifest jsesc@^3.0.2
678 silly packumentCache full:https://registry.npmjs.org/jsesc cache-miss
679 silly fetch manifest @babel/types@^7.28.2
680 silly packumentCache full:https://registry.npmjs.org/@babel%2ftypes cache-miss
681 silly fetch manifest @jridgewell/gen-mapping@^0.3.12
682 silly packumentCache full:https://registry.npmjs.org/@jridgewell%2fgen-mapping cache-miss
683 silly fetch manifest @jridgewell/trace-mapping@^0.3.28
684 silly packumentCache full:https://registry.npmjs.org/@jridgewell%2ftrace-mapping cache-miss
685 silly fetch manifest lru-cache@^5.1.1
686 silly packumentCache full:https://registry.npmjs.org/lru-cache cache-miss
687 http fetch GET 200 https://registry.npmjs.org/@babel%2ftypes 6ms (cache hit)
688 silly packumentCache full:https://registry.npmjs.org/@babel%2ftypes set size:471681 disposed:false
689 silly fetch manifest browserslist@^4.24.0
690 silly packumentCache full:https://registry.npmjs.org/browserslist cache-miss
691 http fetch GET 200 https://registry.npmjs.org/js-tokens 563ms (cache miss)
692 silly packumentCache full:https://registry.npmjs.org/js-tokens set size:undefined disposed:false
693 silly fetch manifest @babel/compat-data@^7.27.2
694 silly packumentCache full:https://registry.npmjs.org/@babel%2fcompat-data cache-miss
695 http fetch GET 200 https://registry.npmjs.org/jsesc 1105ms (cache miss)
696 silly packumentCache full:https://registry.npmjs.org/jsesc set size:undefined disposed:false
697 silly fetch manifest @babel/helper-validator-option@^7.27.1
698 silly packumentCache full:https://registry.npmjs.org/@babel%2fhelper-validator-option cache-miss
699 http fetch GET 200 https://registry.npmjs.org/@jridgewell%2fgen-mapping 1200ms (cache miss)
700 silly packumentCache full:https://registry.npmjs.org/@jridgewell%2fgen-mapping set size:undefined disposed:false
701 silly fetch manifest @babel/traverse@^7.28.3
702 silly packumentCache full:https://registry.npmjs.org/@babel%2ftraverse cache-miss
703 http fetch GET 200 https://registry.npmjs.org/@babel%2ftraverse 5ms (cache hit)
704 silly packumentCache full:https://registry.npmjs.org/@babel%2ftraverse set size:531401 disposed:false
705 silly fetch manifest @babel/helper-module-imports@^7.27.1
706 silly packumentCache full:https://registry.npmjs.org/@babel%2fhelper-module-imports cache-miss
707 http fetch GET 200 https://registry.npmjs.org/@jridgewell%2ftrace-mapping 1240ms (cache miss)
708 silly packumentCache full:https://registry.npmjs.org/@jridgewell%2ftrace-mapping set size:undefined disposed:false
709 silly fetch manifest @babel/helper-validator-identifier@^7.27.1
710 silly packumentCache full:https://registry.npmjs.org/@babel%2fhelper-validator-identifier cache-miss
711 http fetch GET 200 https://registry.npmjs.org/@babel%2fhelper-validator-identifier 1305ms (cache miss)
712 silly packumentCache full:https://registry.npmjs.org/@babel%2fhelper-validator-identifier set size:undefined disposed:false
713 silly fetch manifest @babel/types@^7.27.1
714 silly packumentCache full:https://registry.npmjs.org/@babel%2ftypes cache-hit
715 silly fetch manifest debug@^4.3.1
716 silly packumentCache full:https://registry.npmjs.org/debug cache-hit
717 silly fetch manifest @babel/helper-globals@^7.28.0
718 silly packumentCache full:https://registry.npmjs.org/@babel%2fhelper-globals cache-miss
719 http fetch GET 200 https://registry.npmjs.org/@babel%2fhelper-globals 288ms (cache miss)
720 silly packumentCache full:https://registry.npmjs.org/@babel%2fhelper-globals set size:undefined disposed:false
721 silly fetch manifest @babel/helper-string-parser@^7.27.1
722 silly packumentCache full:https://registry.npmjs.org/@babel%2fhelper-string-parser cache-miss
723 http fetch GET 200 https://registry.npmjs.org/@babel%2fcompat-data 1284ms (cache miss)
724 silly packumentCache full:https://registry.npmjs.org/@babel%2fcompat-data set size:undefined disposed:false
725 silly fetch manifest @jridgewell/gen-mapping@^0.3.5
726 silly packumentCache full:https://registry.npmjs.org/@jridgewell%2fgen-mapping cache-miss
727 http fetch GET 200 https://registry.npmjs.org/@babel%2fhelper-validator-identifier 611ms (cache miss)
728 silly packumentCache full:https://registry.npmjs.org/@babel%2fhelper-validator-identifier set size:undefined disposed:false
729 silly fetch manifest @jridgewell/trace-mapping@^0.3.24
730 silly packumentCache full:https://registry.npmjs.org/@jridgewell%2ftrace-mapping cache-miss
731 http fetch GET 200 https://registry.npmjs.org/@jridgewell%2fgen-mapping 6ms (cache hit)
732 silly packumentCache full:https://registry.npmjs.org/@jridgewell%2fgen-mapping set size:80719 disposed:false
733 silly fetch manifest ms@^2.1.3
734 silly packumentCache full:https://registry.npmjs.org/ms cache-miss
735 http fetch GET 200 https://registry.npmjs.org/@jridgewell%2ftrace-mapping 6ms (cache hit)
736 silly packumentCache full:https://registry.npmjs.org/@jridgewell%2ftrace-mapping set size:170909 disposed:false
737 http fetch GET 200 https://registry.npmjs.org/@babel%2fhelper-validator-option 757ms (cache miss)
738 silly packumentCache full:https://registry.npmjs.org/@babel%2fhelper-validator-option set size:undefined disposed:false
739 http fetch GET 200 https://registry.npmjs.org/lru-cache 1976ms (cache miss)
740 silly packumentCache full:https://registry.npmjs.org/lru-cache set size:undefined disposed:false
741 http fetch GET 200 https://registry.npmjs.org/ms 654ms (cache miss)
742 silly packumentCache full:https://registry.npmjs.org/ms set size:undefined disposed:false
743 http fetch GET 200 https://registry.npmjs.org/browserslist 2540ms (cache miss)
744 silly packumentCache full:https://registry.npmjs.org/browserslist set size:undefined disposed:false
745 http fetch GET 200 https://registry.npmjs.org/@babel%2fhelper-module-imports 1523ms (cache miss)
746 silly packumentCache full:https://registry.npmjs.org/@babel%2fhelper-module-imports set size:undefined disposed:false
747 http fetch GET 200 https://registry.npmjs.org/@babel%2fhelper-string-parser 1312ms (cache miss)
748 silly packumentCache full:https://registry.npmjs.org/@babel%2fhelper-string-parser set size:undefined disposed:false
749 silly placeDep ROOT @babel/helper-validator-identifier@7.27.1 OK for: @babel/code-frame@7.27.1 want: ^7.27.1
750 silly placeDep ROOT js-tokens@4.0.0 OK for: @babel/code-frame@7.27.1 want: ^4.0.0
751 silly placeDep ROOT picocolors@1.1.1 OK for: @babel/code-frame@7.27.1 want: ^1.1.1
752 silly placeDep ROOT @jridgewell/gen-mapping@0.3.13 OK for: @babel/generator@7.28.3 want: ^0.3.12
753 silly placeDep ROOT @jridgewell/trace-mapping@0.3.31 OK for: @babel/generator@7.28.3 want: ^0.3.28
754 silly placeDep ROOT jsesc@3.1.0 OK for: @babel/generator@7.28.3 want: ^3.0.2
755 silly fetch manifest @jridgewell/sourcemap-codec@^1.5.0
756 silly packumentCache full:https://registry.npmjs.org/@jridgewell%2fsourcemap-codec cache-miss
757 silly fetch manifest @jridgewell/resolve-uri@^3.1.0
758 silly packumentCache full:https://registry.npmjs.org/@jridgewell%2fresolve-uri cache-miss
759 silly fetch manifest @jridgewell/sourcemap-codec@^1.4.14
760 silly packumentCache full:https://registry.npmjs.org/@jridgewell%2fsourcemap-codec cache-miss
761 http fetch GET 200 https://registry.npmjs.org/@jridgewell%2fresolve-uri 544ms (cache miss)
762 silly packumentCache full:https://registry.npmjs.org/@jridgewell%2fresolve-uri set size:undefined disposed:false
763 http fetch GET 200 https://registry.npmjs.org/@jridgewell%2fsourcemap-codec 670ms (cache miss)
764 silly packumentCache full:https://registry.npmjs.org/@jridgewell%2fsourcemap-codec set size:undefined disposed:false
765 http fetch GET 200 https://registry.npmjs.org/@jridgewell%2fsourcemap-codec 1147ms (cache miss)
766 silly packumentCache full:https://registry.npmjs.org/@jridgewell%2fsourcemap-codec set size:undefined disposed:false
767 silly placeDep ROOT @babel/compat-data@7.28.4 OK for: @babel/helper-compilation-targets@7.27.2 want: ^7.27.2
768 silly placeDep ROOT @babel/helper-validator-option@7.27.1 OK for: @babel/helper-compilation-targets@7.27.2 want: ^7.27.1
769 silly placeDep ROOT browserslist@4.26.0 OK for: @babel/helper-compilation-targets@7.27.2 want: ^4.24.0
770 silly placeDep ROOT lru-cache@5.1.1 OK for: @babel/helper-compilation-targets@7.27.2 want: ^5.1.1
771 silly fetch manifest baseline-browser-mapping@^2.8.2
772 silly packumentCache full:https://registry.npmjs.org/baseline-browser-mapping cache-miss
773 silly fetch manifest caniuse-lite@^1.0.30001741
774 silly packumentCache full:https://registry.npmjs.org/caniuse-lite cache-miss
775 silly fetch manifest electron-to-chromium@^1.5.218
776 silly packumentCache full:https://registry.npmjs.org/electron-to-chromium cache-miss
777 silly fetch manifest node-releases@^2.0.21
778 silly packumentCache full:https://registry.npmjs.org/node-releases cache-miss
779 silly fetch manifest update-browserslist-db@^1.1.3
780 silly packumentCache full:https://registry.npmjs.org/update-browserslist-db cache-miss
781 silly fetch manifest yallist@^3.0.2
782 silly packumentCache full:https://registry.npmjs.org/yallist cache-miss
783 http fetch GET 200 https://registry.npmjs.org/yallist 373ms (cache miss)
784 silly packumentCache full:https://registry.npmjs.org/yallist set size:undefined disposed:false
785 http fetch GET 200 https://registry.npmjs.org/baseline-browser-mapping 589ms (cache miss)
786 silly packumentCache full:https://registry.npmjs.org/baseline-browser-mapping set size:undefined disposed:false
787 http fetch GET 200 https://registry.npmjs.org/update-browserslist-db 599ms (cache miss)
788 silly packumentCache full:https://registry.npmjs.org/update-browserslist-db set size:undefined disposed:false
789 http fetch GET 200 https://registry.npmjs.org/node-releases 2528ms (cache miss)
790 silly packumentCache full:https://registry.npmjs.org/node-releases set size:undefined disposed:false
791 http fetch GET 200 https://registry.npmjs.org/caniuse-lite 21586ms (cache miss)
792 silly packumentCache full:https://registry.npmjs.org/caniuse-lite set size:undefined disposed:false
793 http fetch GET 200 https://registry.npmjs.org/electron-to-chromium 36243ms (cache miss)
794 silly packumentCache full:https://registry.npmjs.org/electron-to-chromium set size:undefined disposed:false
795 silly placeDep ROOT @babel/helper-module-imports@7.27.1 OK for: @babel/helper-module-transforms@7.28.3 want: ^7.27.1
796 silly fetch manifest @babel/core@^7.0.0-0
797 silly packumentCache full:https://registry.npmjs.org/@babel%2fcore cache-hit
798 silly placeDep ROOT @babel/helper-annotate-as-pure@7.27.3 OK for: @babel/plugin-transform-typescript@7.28.0 want: ^7.27.3
799 silly placeDep ROOT @babel/helper-create-class-features-plugin@7.28.3 OK for: @babel/plugin-transform-typescript@7.28.0 want: ^7.27.1
800 silly placeDep ROOT @babel/helper-plugin-utils@7.27.1 OK for: @babel/plugin-transform-typescript@7.28.0 want: ^7.27.1
801 silly placeDep ROOT @babel/helper-skip-transparent-expression-wrappers@7.27.1 OK for: @babel/plugin-transform-typescript@7.28.0 want: ^7.27.1
802 silly placeDep ROOT @babel/plugin-syntax-typescript@7.27.1 OK for: @babel/plugin-transform-typescript@7.28.0 want: ^7.27.1
803 silly fetch manifest @babel/helper-replace-supers@^7.27.1
804 silly packumentCache full:https://registry.npmjs.org/@babel%2fhelper-replace-supers cache-miss
805 silly fetch manifest @babel/helper-optimise-call-expression@^7.27.1
806 silly packumentCache full:https://registry.npmjs.org/@babel%2fhelper-optimise-call-expression cache-miss
807 silly fetch manifest @babel/helper-member-expression-to-functions@^7.27.1
808 silly packumentCache full:https://registry.npmjs.org/@babel%2fhelper-member-expression-to-functions cache-miss
809 http fetch GET 200 https://registry.npmjs.org/@babel%2fhelper-member-expression-to-functions 976ms (cache miss)
810 silly packumentCache full:https://registry.npmjs.org/@babel%2fhelper-member-expression-to-functions set size:undefined disposed:false
811 http fetch GET 200 https://registry.npmjs.org/@babel%2fhelper-replace-supers 1043ms (cache miss)
812 silly packumentCache full:https://registry.npmjs.org/@babel%2fhelper-replace-supers set size:undefined disposed:false
813 http fetch GET 200 https://registry.npmjs.org/@babel%2fhelper-optimise-call-expression 1159ms (cache miss)
814 silly packumentCache full:https://registry.npmjs.org/@babel%2fhelper-optimise-call-expression set size:undefined disposed:false
815 silly placeDep ROOT @babel/helper-member-expression-to-functions@7.27.1 OK for: @babel/helper-create-class-features-plugin@7.28.3 want: ^7.27.1
816 silly placeDep ROOT @babel/helper-optimise-call-expression@7.27.1 OK for: @babel/helper-create-class-features-plugin@7.28.3 want: ^7.27.1
817 silly placeDep ROOT @babel/helper-replace-supers@7.27.1 OK for: @babel/helper-create-class-features-plugin@7.28.3 want: ^7.27.1
818 silly placeDep ROOT @babel/helper-globals@7.28.0 OK for: @babel/traverse@7.28.4 want: ^7.28.0
819 silly placeDep ROOT @babel/helper-string-parser@7.27.1 OK for: @babel/types@7.28.4 want: ^7.27.1
820 silly placeDep node_modules/@dotenvx/dotenvx commander@11.1.0 OK for: @dotenvx/dotenvx@1.49.0 want: ^11.1.0
821 silly placeDep ROOT dotenv@17.2.2 OK for: @dotenvx/dotenvx@1.49.0 want: ^17.2.1
822 silly placeDep ROOT eciesjs@0.4.15 OK for: @dotenvx/dotenvx@1.49.0 want: ^0.4.10
823 silly placeDep node_modules/@dotenvx/dotenvx execa@5.1.1 OK for: @dotenvx/dotenvx@1.49.0 want: ^5.1.1
824 silly placeDep ROOT fdir@6.5.0 OK for: @dotenvx/dotenvx@1.49.0 want: ^6.2.0
825 silly placeDep ROOT ignore@5.3.2 OK for: @dotenvx/dotenvx@1.49.0 want: ^5.3.0
826 silly placeDep ROOT object-treeify@1.1.33 OK for: @dotenvx/dotenvx@1.49.0 want: 1.1.33
827 silly placeDep ROOT picomatch@4.0.3 OK for: @dotenvx/dotenvx@1.49.0 want: ^4.0.2
828 silly placeDep ROOT which@4.0.0 OK for: @dotenvx/dotenvx@1.49.0 want: ^4.0.0
829 silly fetch manifest @ecies/ciphers@^0.2.3
830 silly packumentCache full:https://registry.npmjs.org/@ecies%2fciphers cache-miss
831 silly fetch manifest @noble/ciphers@^1.3.0
832 silly packumentCache full:https://registry.npmjs.org/@noble%2fciphers cache-miss
833 silly fetch manifest @noble/curves@^1.9.1
834 silly packumentCache full:https://registry.npmjs.org/@noble%2fcurves cache-miss
835 silly fetch manifest @noble/hashes@^1.8.0
836 silly packumentCache full:https://registry.npmjs.org/@noble%2fhashes cache-miss
837 silly fetch manifest onetime@^5.1.2
838 silly packumentCache full:https://registry.npmjs.org/onetime cache-miss
839 silly fetch manifest is-stream@^2.0.0
840 silly packumentCache full:https://registry.npmjs.org/is-stream cache-miss
841 silly fetch manifest get-stream@^6.0.0
842 silly packumentCache full:https://registry.npmjs.org/get-stream cache-miss
843 http fetch GET 200 https://registry.npmjs.org/get-stream 4ms (cache hit)
844 silly packumentCache full:https://registry.npmjs.org/get-stream set size:57536 disposed:false
845 silly fetch manifest cross-spawn@^7.0.3
846 silly packumentCache full:https://registry.npmjs.org/cross-spawn cache-hit
847 silly fetch manifest signal-exit@^3.0.3
848 silly packumentCache full:https://registry.npmjs.org/signal-exit cache-miss
849 http fetch GET 200 https://registry.npmjs.org/is-stream 6ms (cache hit)
850 silly packumentCache full:https://registry.npmjs.org/is-stream set size:18582 disposed:false
851 silly fetch manifest merge-stream@^2.0.0
852 silly packumentCache full:https://registry.npmjs.org/merge-stream cache-miss
853 http fetch GET 200 https://registry.npmjs.org/signal-exit 4ms (cache hit)
854 silly packumentCache full:https://registry.npmjs.org/signal-exit set size:53489 disposed:false
855 silly fetch manifest npm-run-path@^4.0.1
856 silly packumentCache full:https://registry.npmjs.org/npm-run-path cache-miss
857 http fetch GET 200 https://registry.npmjs.org/npm-run-path 2ms (cache hit)
858 silly packumentCache full:https://registry.npmjs.org/npm-run-path set size:33596 disposed:false
859 silly fetch manifest human-signals@^2.1.0
860 silly packumentCache full:https://registry.npmjs.org/human-signals cache-miss
861 http fetch GET 200 https://registry.npmjs.org/human-signals 2ms (cache hit)
862 silly packumentCache full:https://registry.npmjs.org/human-signals set size:47322 disposed:false
863 silly fetch manifest strip-final-newline@^2.0.0
864 silly packumentCache full:https://registry.npmjs.org/strip-final-newline cache-miss
865 http fetch GET 200 https://registry.npmjs.org/strip-final-newline 1ms (cache hit)
866 silly packumentCache full:https://registry.npmjs.org/strip-final-newline set size:9328 disposed:false
867 silly fetch manifest isexe@^3.1.1
868 silly packumentCache full:https://registry.npmjs.org/isexe cache-miss
869 http fetch GET 200 https://registry.npmjs.org/isexe 289ms (cache miss)
870 silly packumentCache full:https://registry.npmjs.org/isexe set size:undefined disposed:false
871 http fetch GET 200 https://registry.npmjs.org/merge-stream 467ms (cache miss)
872 silly packumentCache full:https://registry.npmjs.org/merge-stream set size:undefined disposed:false
873 http fetch GET 200 https://registry.npmjs.org/@ecies%2fciphers 613ms (cache miss)
874 silly packumentCache full:https://registry.npmjs.org/@ecies%2fciphers set size:undefined disposed:false
875 http fetch GET 200 https://registry.npmjs.org/@noble%2fciphers 1280ms (cache miss)
876 silly packumentCache full:https://registry.npmjs.org/@noble%2fciphers set size:undefined disposed:false
877 http fetch GET 200 https://registry.npmjs.org/@noble%2fhashes 1590ms (cache miss)
878 silly packumentCache full:https://registry.npmjs.org/@noble%2fhashes set size:undefined disposed:false
879 http fetch GET 200 https://registry.npmjs.org/onetime 1624ms (cache miss)
880 silly packumentCache full:https://registry.npmjs.org/onetime set size:undefined disposed:false
881 http fetch GET 200 https://registry.npmjs.org/@noble%2fcurves 2393ms (cache miss)
882 silly packumentCache full:https://registry.npmjs.org/@noble%2fcurves set size:undefined disposed:false
883 silly placeDep ROOT @jridgewell/sourcemap-codec@1.5.5 OK for: @jridgewell/gen-mapping@0.3.13 want: ^1.5.0
884 silly placeDep ROOT @jridgewell/resolve-uri@3.1.2 OK for: @jridgewell/trace-mapping@0.3.31 want: ^3.1.0
885 silly placeDep ROOT ajv@6.12.6 OK for: @modelcontextprotocol/sdk@1.18.0 want: ^6.12.6
886 silly placeDep ROOT content-type@1.0.5 OK for: @modelcontextprotocol/sdk@1.18.0 want: ^1.0.5
887 silly placeDep ROOT cors@2.8.5 OK for: @modelcontextprotocol/sdk@1.18.0 want: ^2.8.5
888 silly placeDep ROOT cross-spawn@7.0.6 OK for: @modelcontextprotocol/sdk@1.18.0 want: ^7.0.5
889 silly placeDep ROOT eventsource@3.0.7 OK for: @modelcontextprotocol/sdk@1.18.0 want: ^3.0.2
890 silly placeDep ROOT eventsource-parser@3.0.6 OK for: @modelcontextprotocol/sdk@1.18.0 want: ^3.0.0
891 silly placeDep ROOT express@5.1.0 OK for: @modelcontextprotocol/sdk@1.18.0 want: ^5.0.1
892 silly placeDep ROOT express-rate-limit@7.5.1 OK for: @modelcontextprotocol/sdk@1.18.0 want: ^7.5.0
893 silly placeDep ROOT pkce-challenge@5.0.0 OK for: @modelcontextprotocol/sdk@1.18.0 want: ^5.0.0
894 silly placeDep ROOT raw-body@3.0.1 OK for: @modelcontextprotocol/sdk@1.18.0 want: ^3.0.0
895 silly fetch manifest uri-js@^4.2.2
896 silly packumentCache full:https://registry.npmjs.org/uri-js cache-miss
897 silly fetch manifest fast-deep-equal@^3.1.1
898 silly packumentCache full:https://registry.npmjs.org/fast-deep-equal cache-miss
899 silly fetch manifest json-schema-traverse@^0.4.1
900 silly packumentCache full:https://registry.npmjs.org/json-schema-traverse cache-miss
901 silly fetch manifest fast-json-stable-stringify@^2.0.0
902 silly packumentCache full:https://registry.npmjs.org/fast-json-stable-stringify cache-miss
903 silly fetch manifest vary@^1
904 silly packumentCache full:https://registry.npmjs.org/vary cache-miss
905 silly fetch manifest object-assign@^4
906 silly packumentCache full:https://registry.npmjs.org/object-assign cache-miss
907 silly fetch manifest which@^2.0.1
908 silly packumentCache full:https://registry.npmjs.org/which cache-miss
909 http fetch GET 200 https://registry.npmjs.org/which 5ms (cache hit)
910 silly packumentCache full:https://registry.npmjs.org/which set size:62722 disposed:false
911 silly fetch manifest path-key@^3.1.0
912 silly packumentCache full:https://registry.npmjs.org/path-key cache-miss
913 http fetch GET 200 https://registry.npmjs.org/vary 310ms (cache miss)
914 silly packumentCache full:https://registry.npmjs.org/vary set size:undefined disposed:false
915 silly fetch manifest shebang-command@^2.0.0
916 silly packumentCache full:https://registry.npmjs.org/shebang-command cache-miss
917 http fetch GET 200 https://registry.npmjs.org/object-assign 317ms (cache miss)
918 silly packumentCache full:https://registry.npmjs.org/object-assign set size:undefined disposed:false
919 silly fetch manifest eventsource-parser@^3.0.1
920 silly packumentCache full:https://registry.npmjs.org/eventsource-parser cache-miss
921 http fetch GET 200 https://registry.npmjs.org/eventsource-parser 3ms (cache hit)
922 silly packumentCache full:https://registry.npmjs.org/eventsource-parser set size:66053 disposed:false
923 silly fetch manifest qs@^6.14.0
924 silly packumentCache full:https://registry.npmjs.org/qs cache-miss
925 http fetch GET 200 https://registry.npmjs.org/uri-js 361ms (cache miss)
926 silly packumentCache full:https://registry.npmjs.org/uri-js set size:undefined disposed:false
927 silly fetch manifest etag@^1.8.1
928 silly packumentCache full:https://registry.npmjs.org/etag cache-miss
929 http fetch GET 200 https://registry.npmjs.org/fast-json-stable-stringify 474ms (cache miss)
930 silly packumentCache full:https://registry.npmjs.org/fast-json-stable-stringify set size:undefined disposed:false
931 silly fetch manifest once@^1.4.0
932 silly packumentCache full:https://registry.npmjs.org/once cache-miss
933 http fetch GET 200 https://registry.npmjs.org/path-key 480ms (cache miss)
934 silly packumentCache full:https://registry.npmjs.org/path-key set size:undefined disposed:false
935 silly fetch manifest send@^1.1.0
936 silly packumentCache full:https://registry.npmjs.org/send cache-miss
937 http fetch GET 200 https://registry.npmjs.org/once 308ms (cache miss)
938 silly packumentCache full:https://registry.npmjs.org/once set size:undefined disposed:false
939 silly fetch manifest vary@^1.1.2
940 silly packumentCache full:https://registry.npmjs.org/vary cache-miss
941 http fetch GET 200 https://registry.npmjs.org/vary 4ms (cache hit)
942 silly packumentCache full:https://registry.npmjs.org/vary set size:16018 disposed:false
943 silly fetch manifest fresh@^2.0.0
944 silly packumentCache full:https://registry.npmjs.org/fresh cache-miss
945 http fetch GET 200 https://registry.npmjs.org/etag 475ms (cache miss)
946 silly packumentCache full:https://registry.npmjs.org/etag set size:undefined disposed:false
947 silly fetch manifest cookie@^0.7.1
948 silly packumentCache full:https://registry.npmjs.org/cookie cache-miss
949 http fetch GET 200 https://registry.npmjs.org/shebang-command 614ms (cache miss)
950 silly packumentCache full:https://registry.npmjs.org/shebang-command set size:undefined disposed:false
951 silly fetch manifest router@^2.2.0
952 silly packumentCache full:https://registry.npmjs.org/router cache-miss
953 http fetch GET 200 https://registry.npmjs.org/fast-deep-equal 1112ms (cache miss)
954 silly packumentCache full:https://registry.npmjs.org/fast-deep-equal set size:undefined disposed:false
955 silly fetch manifest accepts@^2.0.0
956 silly packumentCache full:https://registry.npmjs.org/accepts cache-miss
957 http fetch GET 200 https://registry.npmjs.org/fresh 368ms (cache miss)
958 silly packumentCache full:https://registry.npmjs.org/fresh set size:undefined disposed:false
959 silly fetch manifest type-is@^2.0.1
960 silly packumentCache full:https://registry.npmjs.org/type-is cache-miss
961 http fetch GET 200 https://registry.npmjs.org/qs 920ms (cache miss)
962 silly packumentCache full:https://registry.npmjs.org/qs set size:undefined disposed:false
963 silly fetch manifest parseurl@^1.3.3
964 silly packumentCache full:https://registry.npmjs.org/parseurl cache-miss
965 http fetch GET 200 https://registry.npmjs.org/cookie 509ms (cache miss)
966 silly packumentCache full:https://registry.npmjs.org/cookie set size:undefined disposed:false
967 silly fetch manifest statuses@^2.0.1
968 silly packumentCache full:https://registry.npmjs.org/statuses cache-miss
969 http fetch GET 200 https://registry.npmjs.org/parseurl 327ms (cache miss)
970 silly packumentCache full:https://registry.npmjs.org/parseurl set size:undefined disposed:false
971 silly fetch manifest encodeurl@^2.0.0
972 silly packumentCache full:https://registry.npmjs.org/encodeurl cache-miss
973 http fetch GET 200 https://registry.npmjs.org/accepts 603ms (cache miss)
974 silly packumentCache full:https://registry.npmjs.org/accepts set size:undefined disposed:false
975 silly fetch manifest mime-types@^3.0.0
976 silly packumentCache full:https://registry.npmjs.org/mime-types cache-miss
977 http fetch GET 200 https://registry.npmjs.org/json-schema-traverse 1738ms (cache miss)
978 silly packumentCache full:https://registry.npmjs.org/json-schema-traverse set size:undefined disposed:false
979 silly fetch manifest proxy-addr@^2.0.7
980 silly packumentCache full:https://registry.npmjs.org/proxy-addr cache-miss
981 http fetch GET 200 https://registry.npmjs.org/statuses 523ms (cache miss)
982 silly packumentCache full:https://registry.npmjs.org/statuses set size:undefined disposed:false
983 silly fetch manifest body-parser@^2.2.0
984 silly packumentCache full:https://registry.npmjs.org/body-parser cache-miss
985 http fetch GET 200 https://registry.npmjs.org/encodeurl 302ms (cache miss)
986 silly packumentCache full:https://registry.npmjs.org/encodeurl set size:undefined disposed:false
987 silly fetch manifest escape-html@^1.0.3
988 silly packumentCache full:https://registry.npmjs.org/escape-html cache-miss
989 http fetch GET 200 https://registry.npmjs.org/send 1483ms (cache miss)
990 silly packumentCache full:https://registry.npmjs.org/send set size:undefined disposed:false
991 silly fetch manifest http-errors@^2.0.0
992 silly packumentCache full:https://registry.npmjs.org/http-errors cache-miss
993 http fetch GET 200 https://registry.npmjs.org/type-is 922ms (cache miss)
994 silly packumentCache full:https://registry.npmjs.org/type-is set size:undefined disposed:false
995 silly fetch manifest on-finished@^2.4.1
996 silly packumentCache full:https://registry.npmjs.org/on-finished cache-miss
997 http fetch GET 200 https://registry.npmjs.org/router 1177ms (cache miss)
998 silly packumentCache full:https://registry.npmjs.org/router set size:undefined disposed:false
999 silly fetch manifest finalhandler@^2.1.0
1000 silly packumentCache full:https://registry.npmjs.org/finalhandler cache-miss
1001 http fetch GET 200 https://registry.npmjs.org/escape-html 273ms (cache miss)
1002 silly packumentCache full:https://registry.npmjs.org/escape-html set size:undefined disposed:false
1003 silly fetch manifest range-parser@^1.2.1
1004 silly packumentCache full:https://registry.npmjs.org/range-parser cache-miss
1005 http fetch GET 200 https://registry.npmjs.org/proxy-addr 637ms (cache miss)
1006 silly packumentCache full:https://registry.npmjs.org/proxy-addr set size:undefined disposed:false
1007 silly fetch manifest serve-static@^2.2.0
1008 silly packumentCache full:https://registry.npmjs.org/serve-static cache-miss
1009 http fetch GET 200 https://registry.npmjs.org/mime-types 670ms (cache miss)
1010 silly packumentCache full:https://registry.npmjs.org/mime-types set size:undefined disposed:false
1011 silly fetch manifest cookie-signature@^1.2.1
1012 silly packumentCache full:https://registry.npmjs.org/cookie-signature cache-miss
1013 http fetch GET 200 https://registry.npmjs.org/range-parser 318ms (cache miss)
1014 silly packumentCache full:https://registry.npmjs.org/range-parser set size:undefined disposed:false
1015 silly fetch manifest merge-descriptors@^2.0.0
1016 silly packumentCache full:https://registry.npmjs.org/merge-descriptors cache-miss
1017 http fetch GET 200 https://registry.npmjs.org/on-finished 466ms (cache miss)
1018 silly packumentCache full:https://registry.npmjs.org/on-finished set size:undefined disposed:false
1019 silly fetch manifest content-disposition@^1.0.0
1020 silly packumentCache full:https://registry.npmjs.org/content-disposition cache-miss
1021 http fetch GET 200 https://registry.npmjs.org/cookie-signature 282ms (cache miss)
1022 silly packumentCache full:https://registry.npmjs.org/cookie-signature set size:undefined disposed:false
1023 silly fetch manifest bytes@3.1.2
1024 silly packumentCache full:https://registry.npmjs.org/bytes cache-miss
1025 http fetch GET 200 https://registry.npmjs.org/finalhandler 604ms (cache miss)
1026 silly packumentCache full:https://registry.npmjs.org/finalhandler set size:undefined disposed:false
1027 silly fetch manifest http-errors@2.0.0
1028 silly packumentCache full:https://registry.npmjs.org/http-errors cache-miss
1029 http fetch GET 200 https://registry.npmjs.org/merge-descriptors 316ms (cache miss)
1030 silly packumentCache full:https://registry.npmjs.org/merge-descriptors set size:undefined disposed:false
1031 silly fetch manifest iconv-lite@0.7.0
1032 silly packumentCache full:https://registry.npmjs.org/iconv-lite cache-miss
1033 http fetch GET 200 https://registry.npmjs.org/body-parser 916ms (cache miss)
1034 silly packumentCache full:https://registry.npmjs.org/body-parser set size:undefined disposed:false
1035 silly fetch manifest unpipe@1.0.0
1036 silly packumentCache full:https://registry.npmjs.org/unpipe cache-miss
1037 http fetch GET 200 https://registry.npmjs.org/content-disposition 334ms (cache miss)
1038 silly packumentCache full:https://registry.npmjs.org/content-disposition set size:undefined disposed:false
1039 http fetch GET 200 https://registry.npmjs.org/unpipe 238ms (cache miss)
1040 silly packumentCache full:https://registry.npmjs.org/unpipe set size:undefined disposed:false
1041 http fetch GET 200 https://registry.npmjs.org/http-errors 1197ms (cache miss)
1042 silly packumentCache full:https://registry.npmjs.org/http-errors set size:undefined disposed:false
1043 http fetch GET 200 https://registry.npmjs.org/bytes 504ms (cache miss)
1044 silly packumentCache full:https://registry.npmjs.org/bytes set size:undefined disposed:false
1045 http fetch GET 200 https://registry.npmjs.org/iconv-lite 662ms (cache miss)
1046 silly packumentCache full:https://registry.npmjs.org/iconv-lite set size:undefined disposed:false
1047 http fetch GET 200 https://registry.npmjs.org/serve-static 1227ms (cache miss)
1048 silly packumentCache full:https://registry.npmjs.org/serve-static set size:undefined disposed:false
1049 http fetch GET 200 https://registry.npmjs.org/http-errors 1384ms (cache miss)
1050 silly packumentCache full:https://registry.npmjs.org/http-errors set size:undefined disposed:false
1051 silly placeDep ROOT fast-deep-equal@3.1.3 OK for: ajv@6.12.6 want: ^3.1.1
1052 silly placeDep ROOT fast-json-stable-stringify@2.1.0 OK for: ajv@6.12.6 want: ^2.0.0
1053 silly placeDep ROOT json-schema-traverse@0.4.1 OK for: ajv@6.12.6 want: ^0.4.1
1054 silly placeDep ROOT uri-js@4.4.1 OK for: ajv@6.12.6 want: ^4.2.2
1055 silly fetch manifest punycode@^2.1.0
1056 silly packumentCache full:https://registry.npmjs.org/punycode cache-miss
1057 http fetch GET 200 https://registry.npmjs.org/punycode 1757ms (cache miss)
1058 silly packumentCache full:https://registry.npmjs.org/punycode set size:undefined disposed:false
1059 silly fetch manifest browserslist@>= 4.21.0
1060 silly packumentCache full:https://registry.npmjs.org/browserslist cache-miss
1061 http fetch GET 200 https://registry.npmjs.org/browserslist 7ms (cache hit)
1062 silly packumentCache full:https://registry.npmjs.org/browserslist set size:490824 disposed:false
1063 silly placeDep ROOT baseline-browser-mapping@2.8.2 OK for: browserslist@4.26.0 want: ^2.8.2
1064 silly placeDep ROOT caniuse-lite@1.0.30001741 OK for: browserslist@4.26.0 want: ^1.0.30001741
1065 silly placeDep ROOT electron-to-chromium@1.5.218 OK for: browserslist@4.26.0 want: ^1.5.218
1066 silly placeDep ROOT node-releases@2.0.21 OK for: browserslist@4.26.0 want: ^2.0.21
1067 silly placeDep ROOT update-browserslist-db@1.1.3 OK for: browserslist@4.26.0 want: ^1.1.3
1068 silly fetch manifest escalade@^3.2.0
1069 silly packumentCache full:https://registry.npmjs.org/escalade cache-miss
1070 http fetch GET 200 https://registry.npmjs.org/escalade 1146ms (cache miss)
1071 silly packumentCache full:https://registry.npmjs.org/escalade set size:undefined disposed:false
1072 silly placeDep ROOT object-assign@4.1.1 OK for: cors@2.8.5 want: ^4
1073 silly placeDep ROOT vary@1.1.2 OK for: cors@2.8.5 want: ^1
1074 silly placeDep ROOT env-paths@2.2.1 OK for: cosmiconfig@9.0.0 want: ^2.2.1
1075 silly placeDep ROOT import-fresh@3.3.1 OK for: cosmiconfig@9.0.0 want: ^3.3.0
1076 silly placeDep ROOT js-yaml@4.1.0 OK for: cosmiconfig@9.0.0 want: ^4.1.0
1077 silly placeDep ROOT parse-json@5.2.0 OK for: cosmiconfig@9.0.0 want: ^5.2.0
1078 silly fetch manifest parent-module@^1.0.0
1079 silly packumentCache full:https://registry.npmjs.org/parent-module cache-miss
1080 silly fetch manifest resolve-from@^4.0.0
1081 silly packumentCache full:https://registry.npmjs.org/resolve-from cache-miss
1082 silly fetch manifest argparse@^2.0.1
1083 silly packumentCache full:https://registry.npmjs.org/argparse cache-miss
1084 silly fetch manifest error-ex@^1.3.1
1085 silly packumentCache full:https://registry.npmjs.org/error-ex cache-miss
1086 silly fetch manifest lines-and-columns@^1.1.6
1087 silly packumentCache full:https://registry.npmjs.org/lines-and-columns cache-miss
1088 silly fetch manifest json-parse-even-better-errors@^2.3.0
1089 silly packumentCache full:https://registry.npmjs.org/json-parse-even-better-errors cache-miss
1090 http fetch GET 200 https://registry.npmjs.org/resolve-from 258ms (cache miss)
1091 silly packumentCache full:https://registry.npmjs.org/resolve-from set size:undefined disposed:false
1092 http fetch GET 200 https://registry.npmjs.org/parent-module 420ms (cache miss)
1093 silly packumentCache full:https://registry.npmjs.org/parent-module set size:undefined disposed:false
1094 http fetch GET 200 https://registry.npmjs.org/error-ex 542ms (cache miss)
1095 silly packumentCache full:https://registry.npmjs.org/error-ex set size:undefined disposed:false
1096 http fetch GET 200 https://registry.npmjs.org/argparse 544ms (cache miss)
1097 silly packumentCache full:https://registry.npmjs.org/argparse set size:undefined disposed:false
1098 http fetch GET 200 https://registry.npmjs.org/lines-and-columns 989ms (cache miss)
1099 silly packumentCache full:https://registry.npmjs.org/lines-and-columns set size:undefined disposed:false
1100 http fetch GET 200 https://registry.npmjs.org/json-parse-even-better-errors 1092ms (cache miss)
1101 silly packumentCache full:https://registry.npmjs.org/json-parse-even-better-errors set size:undefined disposed:false
1102 silly placeDep ROOT path-key@3.1.1 OK for: cross-spawn@7.0.6 want: ^3.1.0
1103 silly placeDep ROOT shebang-command@2.0.0 OK for: cross-spawn@7.0.6 want: ^2.0.0
1104 silly placeDep node_modules/cross-spawn which@2.0.2 OK for: cross-spawn@7.0.6 want: ^2.0.1
1105 silly fetch manifest shebang-regex@^3.0.0
1106 silly packumentCache full:https://registry.npmjs.org/shebang-regex cache-miss
1107 silly fetch manifest isexe@^2.0.0
1108 silly packumentCache full:https://registry.npmjs.org/isexe cache-miss
1109 http fetch GET 200 https://registry.npmjs.org/isexe 3ms (cache hit)
1110 silly packumentCache full:https://registry.npmjs.org/isexe set size:19340 disposed:false
1111 http fetch GET 200 https://registry.npmjs.org/shebang-regex 494ms (cache miss)
1112 silly packumentCache full:https://registry.npmjs.org/shebang-regex set size:undefined disposed:false
1113 silly placeDep ROOT ms@2.1.3 OK for: debug@4.4.1 want: ^2.1.3
1114 silly placeDep ROOT @ecies/ciphers@0.2.4 OK for: eciesjs@0.4.15 want: ^0.2.3
1115 silly placeDep ROOT @noble/ciphers@1.3.0 OK for: @ecies/ciphers@0.2.4 want: ^1.0.0
1116 silly placeDep ROOT @noble/curves@1.9.7 OK for: eciesjs@0.4.15 want: ^1.9.1
1117 silly placeDep ROOT @noble/hashes@1.8.0 OK for: eciesjs@0.4.15 want: ^1.8.0
1118 silly fetch manifest @noble/hashes@1.8.0
1119 silly packumentCache full:https://registry.npmjs.org/@noble%2fhashes cache-miss
1120 http fetch GET 200 https://registry.npmjs.org/@noble%2fhashes 3ms (cache hit)
1121 silly packumentCache full:https://registry.npmjs.org/@noble%2fhashes set size:211064 disposed:false
1122 silly placeDep ROOT @sindresorhus/merge-streams@4.0.0 OK for: execa@9.6.0 want: ^4.0.0
1123 silly placeDep ROOT figures@6.1.0 OK for: execa@9.6.0 want: ^6.1.0
1124 silly placeDep ROOT get-stream@9.0.1 OK for: execa@9.6.0 want: ^9.0.0
1125 silly placeDep ROOT human-signals@8.0.1 OK for: execa@9.6.0 want: ^8.0.1
1126 silly placeDep ROOT is-plain-obj@4.1.0 OK for: execa@9.6.0 want: ^4.1.0
1127 silly placeDep ROOT is-stream@4.0.1 OK for: execa@9.6.0 want: ^4.0.1
1128 silly placeDep ROOT npm-run-path@6.0.0 OK for: execa@9.6.0 want: ^6.0.0
1129 silly placeDep ROOT pretty-ms@9.2.0 OK for: execa@9.6.0 want: ^9.2.0
1130 silly placeDep ROOT signal-exit@4.1.0 OK for: execa@9.6.0 want: ^4.1.0
1131 silly placeDep ROOT strip-final-newline@4.0.0 OK for: execa@9.6.0 want: ^4.0.0
1132 silly placeDep ROOT yoctocolors@2.1.2 OK for: execa@9.6.0 want: ^2.1.1
1133 silly fetch manifest @sec-ant/readable-stream@^0.4.1
1134 silly packumentCache full:https://registry.npmjs.org/@sec-ant%2freadable-stream cache-miss
1135 silly fetch manifest path-key@^4.0.0
1136 silly packumentCache full:https://registry.npmjs.org/path-key cache-miss
1137 silly fetch manifest unicorn-magic@^0.3.0
1138 silly packumentCache full:https://registry.npmjs.org/unicorn-magic cache-miss
1139 silly fetch manifest parse-ms@^4.0.0
1140 silly packumentCache full:https://registry.npmjs.org/parse-ms cache-miss
1141 http fetch GET 200 https://registry.npmjs.org/path-key 3ms (cache hit)
1142 silly packumentCache full:https://registry.npmjs.org/path-key set size:16975 disposed:false
1143 http fetch GET 200 https://registry.npmjs.org/unicorn-magic 287ms (cache miss)
1144 silly packumentCache full:https://registry.npmjs.org/unicorn-magic set size:undefined disposed:false
1145 http fetch GET 200 https://registry.npmjs.org/parse-ms 346ms (cache miss)
1146 silly packumentCache full:https://registry.npmjs.org/parse-ms set size:undefined disposed:false
1147 http fetch GET 200 https://registry.npmjs.org/@sec-ant%2freadable-stream 1283ms (cache miss)
1148 silly packumentCache full:https://registry.npmjs.org/@sec-ant%2freadable-stream set size:undefined disposed:false
1149 silly placeDep ROOT accepts@2.0.0 OK for: express@5.1.0 want: ^2.0.0
1150 silly placeDep ROOT body-parser@2.2.0 OK for: express@5.1.0 want: ^2.2.0
1151 silly placeDep ROOT content-disposition@1.0.0 OK for: express@5.1.0 want: ^1.0.0
1152 silly placeDep ROOT cookie@0.7.2 OK for: express@5.1.0 want: ^0.7.1
1153 silly placeDep ROOT cookie-signature@1.2.2 OK for: express@5.1.0 want: ^1.2.1
1154 silly placeDep ROOT encodeurl@2.0.0 OK for: express@5.1.0 want: ^2.0.0
1155 silly placeDep ROOT escape-html@1.0.3 OK for: express@5.1.0 want: ^1.0.3
1156 silly placeDep ROOT etag@1.8.1 OK for: express@5.1.0 want: ^1.8.1
1157 silly placeDep ROOT finalhandler@2.1.0 OK for: express@5.1.0 want: ^2.1.0
1158 silly placeDep ROOT fresh@2.0.0 OK for: express@5.1.0 want: ^2.0.0
1159 silly placeDep ROOT http-errors@2.0.0 OK for: express@5.1.0 want: ^2.0.0
1160 silly placeDep ROOT merge-descriptors@2.0.0 OK for: express@5.1.0 want: ^2.0.0
1161 silly placeDep ROOT mime-types@3.0.1 OK for: express@5.1.0 want: ^3.0.0
1162 silly placeDep ROOT on-finished@2.4.1 OK for: express@5.1.0 want: ^2.4.1
1163 silly placeDep ROOT once@1.4.0 OK for: express@5.1.0 want: ^1.4.0
1164 silly placeDep ROOT parseurl@1.3.3 OK for: express@5.1.0 want: ^1.3.3
1165 silly placeDep ROOT proxy-addr@2.0.7 OK for: express@5.1.0 want: ^2.0.7
1166 silly placeDep ROOT qs@6.14.0 OK for: express@5.1.0 want: ^6.14.0
1167 silly placeDep ROOT range-parser@1.2.1 OK for: express@5.1.0 want: ^1.2.1
1168 silly placeDep ROOT router@2.2.0 OK for: express@5.1.0 want: ^2.2.0
1169 silly placeDep ROOT send@1.2.0 OK for: express@5.1.0 want: ^1.1.0
1170 silly placeDep ROOT serve-static@2.2.0 OK for: express@5.1.0 want: ^2.2.0
1171 silly placeDep ROOT statuses@2.0.2 OK for: express@5.1.0 want: ^2.0.1
1172 silly placeDep ROOT type-is@2.0.1 OK for: express@5.1.0 want: ^2.0.1
1173 silly fetch manifest negotiator@^1.0.0
1174 silly packumentCache full:https://registry.npmjs.org/negotiator cache-miss
1175 silly fetch manifest bytes@^3.1.2
1176 silly packumentCache full:https://registry.npmjs.org/bytes cache-miss
1177 silly fetch manifest iconv-lite@^0.6.3
1178 silly packumentCache full:https://registry.npmjs.org/iconv-lite cache-miss
1179 silly fetch manifest type-is@^2.0.0
1180 silly packumentCache full:https://registry.npmjs.org/type-is cache-miss
1181 silly fetch manifest safe-buffer@5.2.1
1182 silly packumentCache full:https://registry.npmjs.org/safe-buffer cache-miss
1183 silly fetch manifest depd@2.0.0
1184 silly packumentCache full:https://registry.npmjs.org/depd cache-miss
1185 silly fetch manifest inherits@2.0.4
1186 silly packumentCache full:https://registry.npmjs.org/inherits cache-miss
1187 http fetch GET 200 https://registry.npmjs.org/iconv-lite 3ms (cache hit)
1188 silly packumentCache full:https://registry.npmjs.org/iconv-lite set size:118890 disposed:false
1189 silly fetch manifest statuses@2.0.1
1190 silly packumentCache full:https://registry.npmjs.org/statuses cache-miss
1191 http fetch GET 200 https://registry.npmjs.org/bytes 5ms (cache hit)
1192 silly packumentCache full:https://registry.npmjs.org/bytes set size:37018 disposed:false
1193 silly fetch manifest toidentifier@1.0.1
1194 silly packumentCache full:https://registry.npmjs.org/toidentifier cache-miss
1195 http fetch GET 200 https://registry.npmjs.org/type-is 5ms (cache hit)
1196 silly packumentCache full:https://registry.npmjs.org/type-is set size:86196 disposed:false
1197 silly fetch manifest setprototypeof@1.2.0
1198 silly packumentCache full:https://registry.npmjs.org/setprototypeof cache-miss
1199 http fetch GET 200 https://registry.npmjs.org/statuses 4ms (cache hit)
1200 silly packumentCache full:https://registry.npmjs.org/statuses set size:37117 disposed:false
1201 silly fetch manifest mime-db@^1.54.0
1202 silly packumentCache full:https://registry.npmjs.org/mime-db cache-miss
1203 http fetch GET 200 https://registry.npmjs.org/setprototypeof 296ms (cache miss)
1204 silly packumentCache full:https://registry.npmjs.org/setprototypeof set size:undefined disposed:false
1205 silly fetch manifest ee-first@1.1.1
1206 silly packumentCache full:https://registry.npmjs.org/ee-first cache-miss
1207 http fetch GET 200 https://registry.npmjs.org/toidentifier 391ms (cache miss)
1208 silly packumentCache full:https://registry.npmjs.org/toidentifier set size:undefined disposed:false
1209 silly fetch manifest wrappy@1
1210 silly packumentCache full:https://registry.npmjs.org/wrappy cache-miss
1211 http fetch GET 200 https://registry.npmjs.org/negotiator 562ms (cache miss)
1212 silly packumentCache full:https://registry.npmjs.org/negotiator set size:undefined disposed:false
1213 silly fetch manifest forwarded@0.2.0
1214 silly packumentCache full:https://registry.npmjs.org/forwarded cache-miss
1215 http fetch GET 200 https://registry.npmjs.org/ee-first 309ms (cache miss)
1216 silly packumentCache full:https://registry.npmjs.org/ee-first set size:undefined disposed:false
1217 silly fetch manifest ipaddr.js@1.9.1
1218 silly packumentCache full:https://registry.npmjs.org/ipaddr.js cache-miss
1219 http fetch GET 200 https://registry.npmjs.org/mime-db 753ms (cache miss)
1220 silly packumentCache full:https://registry.npmjs.org/mime-db set size:undefined disposed:false
1221 silly fetch manifest side-channel@^1.1.0
1222 silly packumentCache full:https://registry.npmjs.org/side-channel cache-miss
1223 http fetch GET 200 https://registry.npmjs.org/safe-buffer 811ms (cache miss)
1224 silly packumentCache full:https://registry.npmjs.org/safe-buffer set size:undefined disposed:false
1225 silly fetch manifest depd@^2.0.0
1226 silly packumentCache full:https://registry.npmjs.org/depd cache-miss
1227 http fetch GET 200 https://registry.npmjs.org/wrappy 436ms (cache miss)
1228 silly packumentCache full:https://registry.npmjs.org/wrappy set size:undefined disposed:false
1229 silly fetch manifest is-promise@^4.0.0
1230 silly packumentCache full:https://registry.npmjs.org/is-promise cache-miss
1231 http fetch GET 200 https://registry.npmjs.org/inherits 850ms (cache miss)
1232 silly packumentCache full:https://registry.npmjs.org/inherits set size:undefined disposed:false
1233 silly fetch manifest path-to-regexp@^8.0.0
1234 silly packumentCache full:https://registry.npmjs.org/path-to-regexp cache-miss
1235 http fetch GET 200 https://registry.npmjs.org/path-to-regexp 2ms (cache hit)
1236 silly packumentCache full:https://registry.npmjs.org/path-to-regexp set size:207142 disposed:false
1237 silly fetch manifest media-typer@^1.1.0
1238 silly packumentCache full:https://registry.npmjs.org/media-typer cache-miss
1239 http fetch GET 200 https://registry.npmjs.org/forwarded 298ms (cache miss)
1240 silly packumentCache full:https://registry.npmjs.org/forwarded set size:undefined disposed:false
1241 http fetch GET 200 https://registry.npmjs.org/ipaddr.js 421ms (cache miss)
1242 silly packumentCache full:https://registry.npmjs.org/ipaddr.js set size:undefined disposed:false
1243 http fetch GET 200 https://registry.npmjs.org/depd 1051ms (cache miss)
1244 silly packumentCache full:https://registry.npmjs.org/depd set size:undefined disposed:false
1245 http fetch GET 200 https://registry.npmjs.org/side-channel 312ms (cache miss)
1246 silly packumentCache full:https://registry.npmjs.org/side-channel set size:undefined disposed:false
1247 http fetch GET 200 https://registry.npmjs.org/media-typer 303ms (cache miss)
1248 silly packumentCache full:https://registry.npmjs.org/media-typer set size:undefined disposed:false
1249 http fetch GET 200 https://registry.npmjs.org/depd 607ms (cache miss)
1250 silly packumentCache full:https://registry.npmjs.org/depd set size:undefined disposed:false
1251 http fetch GET 200 https://registry.npmjs.org/is-promise 624ms (cache miss)
1252 silly packumentCache full:https://registry.npmjs.org/is-promise set size:undefined disposed:false
1253 silly placeDep ROOT negotiator@1.0.0 OK for: accepts@2.0.0 want: ^1.0.0
1254 silly placeDep ROOT bytes@3.1.2 OK for: body-parser@2.2.0 want: ^3.1.2
1255 silly placeDep ROOT iconv-lite@0.6.3 OK for: body-parser@2.2.0 want: ^0.6.3
1256 silly fetch manifest safer-buffer@>= 2.1.2 < 3.0.0
1257 silly packumentCache full:https://registry.npmjs.org/safer-buffer cache-miss
1258 http fetch GET 200 https://registry.npmjs.org/safer-buffer 561ms (cache miss)
1259 silly packumentCache full:https://registry.npmjs.org/safer-buffer set size:undefined disposed:false
1260 silly placeDep ROOT safe-buffer@5.2.1 OK for: content-disposition@1.0.0 want: 5.2.1
1261 silly placeDep ROOT @nodelib/fs.stat@2.0.5 OK for: fast-glob@3.3.3 want: ^2.0.2
1262 silly placeDep ROOT @nodelib/fs.walk@1.2.8 OK for: fast-glob@3.3.3 want: ^1.2.3
1263 silly placeDep ROOT glob-parent@5.1.2 OK for: fast-glob@3.3.3 want: ^5.1.2
1264 silly placeDep ROOT merge2@1.4.1 OK for: fast-glob@3.3.3 want: ^1.3.0
1265 silly placeDep ROOT micromatch@4.0.8 OK for: fast-glob@3.3.3 want: ^4.0.8
1266 silly fetch manifest fastq@^1.6.0
1267 silly packumentCache full:https://registry.npmjs.org/fastq cache-miss
1268 silly fetch manifest @nodelib/fs.scandir@2.1.5
1269 silly packumentCache full:https://registry.npmjs.org/@nodelib%2ffs.scandir cache-miss
1270 silly fetch manifest is-glob@^4.0.1
1271 silly packumentCache full:https://registry.npmjs.org/is-glob cache-miss
1272 silly fetch manifest braces@^3.0.3
1273 silly packumentCache full:https://registry.npmjs.org/braces cache-miss
1274 silly fetch manifest picomatch@^2.3.1
1275 silly packumentCache full:https://registry.npmjs.org/picomatch cache-miss
1276 http fetch GET 200 https://registry.npmjs.org/picomatch 3ms (cache hit)
1277 silly packumentCache full:https://registry.npmjs.org/picomatch set size:118818 disposed:false
1278 http fetch GET 200 https://registry.npmjs.org/fastq 444ms (cache miss)
1279 silly packumentCache full:https://registry.npmjs.org/fastq set size:undefined disposed:false
1280 http fetch GET 200 https://registry.npmjs.org/is-glob 546ms (cache miss)
1281 silly packumentCache full:https://registry.npmjs.org/is-glob set size:undefined disposed:false
1282 http fetch GET 200 https://registry.npmjs.org/@nodelib%2ffs.scandir 686ms (cache miss)
1283 silly packumentCache full:https://registry.npmjs.org/@nodelib%2ffs.scandir set size:undefined disposed:false
1284 http fetch GET 200 https://registry.npmjs.org/braces 1116ms (cache miss)
1285 silly packumentCache full:https://registry.npmjs.org/braces set size:undefined disposed:false
1286 silly placeDep ROOT @nodelib/fs.scandir@2.1.5 OK for: @nodelib/fs.walk@1.2.8 want: 2.1.5
1287 silly placeDep ROOT fastq@1.19.1 OK for: @nodelib/fs.walk@1.2.8 want: ^1.6.0
1288 silly fetch manifest run-parallel@^1.1.9
1289 silly packumentCache full:https://registry.npmjs.org/run-parallel cache-miss
1290 silly fetch manifest reusify@^1.0.4
1291 silly packumentCache full:https://registry.npmjs.org/reusify cache-miss
1292 http fetch GET 200 https://registry.npmjs.org/reusify 237ms (cache miss)
1293 silly packumentCache full:https://registry.npmjs.org/reusify set size:undefined disposed:false
1294 http fetch GET 200 https://registry.npmjs.org/run-parallel 1011ms (cache miss)
1295 silly packumentCache full:https://registry.npmjs.org/run-parallel set size:undefined disposed:false
1296 silly placeDep ROOT run-parallel@1.2.0 OK for: @nodelib/fs.scandir@2.1.5 want: ^1.1.9
1297 silly fetch manifest queue-microtask@^1.2.2
1298 silly packumentCache full:https://registry.npmjs.org/queue-microtask cache-miss
1299 http fetch GET 200 https://registry.npmjs.org/queue-microtask 581ms (cache miss)
1300 silly packumentCache full:https://registry.npmjs.org/queue-microtask set size:undefined disposed:false
1301 silly placeDep ROOT reusify@1.1.0 OK for: fastq@1.19.1 want: ^1.0.4
1302 silly placeDep ROOT is-unicode-supported@2.1.0 OK for: figures@6.1.0 want: ^2.0.0
1303 silly placeDep ROOT graceful-fs@4.2.11 OK for: fs-extra@11.3.1 want: ^4.2.0
1304 silly placeDep ROOT jsonfile@6.2.0 OK for: fs-extra@11.3.1 want: ^6.0.1
1305 silly placeDep ROOT universalify@2.0.1 OK for: fs-extra@11.3.1 want: ^2.0.0
1306 silly placeDep ROOT @sec-ant/readable-stream@0.4.1 OK for: get-stream@9.0.1 want: ^0.4.1
1307 silly placeDep ROOT is-glob@4.0.3 OK for: glob-parent@5.1.2 want: ^4.0.1
1308 silly fetch manifest is-extglob@^2.1.1
1309 silly packumentCache full:https://registry.npmjs.org/is-extglob cache-miss
1310 http fetch GET 200 https://registry.npmjs.org/is-extglob 274ms (cache miss)
1311 silly packumentCache full:https://registry.npmjs.org/is-extglob set size:undefined disposed:false
1312 silly placeDep ROOT depd@2.0.0 OK for: http-errors@2.0.0 want: 2.0.0
1313 silly placeDep ROOT inherits@2.0.4 OK for: http-errors@2.0.0 want: 2.0.4
1314 silly placeDep ROOT setprototypeof@1.2.0 OK for: http-errors@2.0.0 want: 1.2.0
1315 silly placeDep node_modules/http-errors statuses@2.0.1 OK for: http-errors@2.0.0 want: 2.0.1
1316 silly placeDep ROOT toidentifier@1.0.1 OK for: http-errors@2.0.0 want: 1.0.1
1317 silly placeDep ROOT agent-base@7.1.4 OK for: https-proxy-agent@7.0.6 want: ^7.1.2
1318 silly placeDep ROOT safer-buffer@2.1.2 OK for: iconv-lite@0.6.3 want: >= 2.1.2 < 3.0.0
1319 silly placeDep ROOT parent-module@1.0.1 OK for: import-fresh@3.3.1 want: ^1.0.0
1320 silly placeDep ROOT resolve-from@4.0.0 OK for: import-fresh@3.3.1 want: ^4.0.0
1321 silly fetch manifest callsites@^3.0.0
1322 silly packumentCache full:https://registry.npmjs.org/callsites cache-miss
1323 http fetch GET 200 https://registry.npmjs.org/callsites 494ms (cache miss)
1324 silly packumentCache full:https://registry.npmjs.org/callsites set size:undefined disposed:false
1325 silly placeDep ROOT is-extglob@2.1.1 OK for: is-glob@4.0.3 want: ^2.1.1
1326 silly placeDep ROOT argparse@2.0.1 OK for: js-yaml@4.1.0 want: ^2.0.1
1327 silly placeDep ROOT yallist@3.1.1 OK for: lru-cache@5.1.1 want: ^3.0.2
1328 silly placeDep ROOT braces@3.0.3 OK for: micromatch@4.0.8 want: ^3.0.3
1329 silly placeDep node_modules/micromatch picomatch@2.3.1 OK for: micromatch@4.0.8 want: ^2.3.1
1330 silly fetch manifest fill-range@^7.1.1
1331 silly packumentCache full:https://registry.npmjs.org/fill-range cache-miss
1332 http fetch GET 200 https://registry.npmjs.org/fill-range 831ms (cache miss)
1333 silly packumentCache full:https://registry.npmjs.org/fill-range set size:undefined disposed:false
1334 silly placeDep ROOT fill-range@7.1.1 OK for: braces@3.0.3 want: ^7.1.1
1335 silly fetch manifest to-regex-range@^5.0.1
1336 silly packumentCache full:https://registry.npmjs.org/to-regex-range cache-miss
1337 http fetch GET 200 https://registry.npmjs.org/to-regex-range 479ms (cache miss)
1338 silly packumentCache full:https://registry.npmjs.org/to-regex-range set size:undefined disposed:false
1339 silly placeDep ROOT to-regex-range@5.0.1 OK for: fill-range@7.1.1 want: ^5.0.1
1340 silly fetch manifest is-number@^7.0.0
1341 silly packumentCache full:https://registry.npmjs.org/is-number cache-miss
1342 http fetch GET 200 https://registry.npmjs.org/is-number 557ms (cache miss)
1343 silly packumentCache full:https://registry.npmjs.org/is-number set size:undefined disposed:false
1344 silly placeDep ROOT mime-db@1.54.0 OK for: mime-types@3.0.1 want: ^1.54.0
1345 silly fetch manifest @types/node@>=18
1346 silly packumentCache full:https://registry.npmjs.org/@types%2fnode cache-miss
1347 http fetch GET 200 https://registry.npmjs.org/@types%2fnode 45219ms (cache miss)
1348 silly packumentCache full:https://registry.npmjs.org/@types%2fnode set size:undefined disposed:false
1349 silly placeDep ROOT @bundled-es-modules/cookie@2.0.1 OK for: msw@2.11.2 want: ^2.0.1
1350 silly placeDep ROOT @bundled-es-modules/statuses@1.0.1 OK for: msw@2.11.2 want: ^1.0.1
1351 silly placeDep ROOT @inquirer/confirm@5.1.16 OK for: msw@2.11.2 want: ^5.0.0
1352 silly placeDep ROOT @mswjs/interceptors@0.39.6 OK for: msw@2.11.2 want: ^0.39.1
1353 silly placeDep ROOT @open-draft/deferred-promise@2.2.0 OK for: msw@2.11.2 want: ^2.2.0
1354 silly placeDep ROOT @open-draft/until@2.1.0 OK for: msw@2.11.2 want: ^2.1.0
1355 silly placeDep ROOT @types/cookie@0.6.0 OK for: msw@2.11.2 want: ^0.6.0
1356 silly placeDep ROOT @types/statuses@2.0.6 OK for: msw@2.11.2 want: ^2.0.4
1357 silly placeDep ROOT graphql@16.11.0 OK for: msw@2.11.2 want: ^16.8.1
1358 silly placeDep ROOT headers-polyfill@4.0.3 OK for: msw@2.11.2 want: ^4.0.2
1359 silly placeDep ROOT is-node-process@1.2.0 OK for: msw@2.11.2 want: ^1.2.0
1360 silly placeDep ROOT outvariant@1.4.3 OK for: msw@2.11.2 want: ^1.4.3
1361 silly placeDep ROOT path-to-regexp@6.3.0 OK for: msw@2.11.2 want: ^6.3.0
1362 silly placeDep ROOT rettime@0.7.0 OK for: msw@2.11.2 want: ^0.7.0
1363 silly placeDep ROOT strict-event-emitter@0.5.1 OK for: msw@2.11.2 want: ^0.5.1
1364 silly placeDep ROOT tough-cookie@6.0.0 OK for: msw@2.11.2 want: ^6.0.0
1365 silly placeDep ROOT type-fest@4.41.0 OK for: msw@2.11.2 want: ^4.26.1
1366 silly placeDep ROOT yargs@17.7.2 OK for: msw@2.11.2 want: ^17.7.2
1367 silly fetch manifest @inquirer/core@^10.2.0
1368 silly packumentCache full:https://registry.npmjs.org/@inquirer%2fcore cache-miss
1369 silly fetch manifest @inquirer/type@^3.0.8
1370 silly packumentCache full:https://registry.npmjs.org/@inquirer%2ftype cache-miss
1371 silly fetch manifest @open-draft/logger@^0.3.0
1372 silly packumentCache full:https://registry.npmjs.org/@open-draft%2flogger cache-miss
1373 silly fetch manifest @open-draft/until@^2.0.0
1374 silly packumentCache full:https://registry.npmjs.org/@open-draft%2funtil cache-miss
1375 silly fetch manifest tldts@^7.0.5
1376 silly packumentCache full:https://registry.npmjs.org/tldts cache-miss
1377 silly fetch manifest y18n@^5.0.5
1378 silly packumentCache full:https://registry.npmjs.org/y18n cache-miss
1379 silly fetch manifest cliui@^8.0.1
1380 silly packumentCache full:https://registry.npmjs.org/cliui cache-miss
1381 http fetch GET 200 https://registry.npmjs.org/@open-draft%2funtil 4ms (cache hit)
1382 silly packumentCache full:https://registry.npmjs.org/@open-draft%2funtil set size:20116 disposed:false
1383 silly fetch manifest escalade@^3.1.1
1384 silly packumentCache full:https://registry.npmjs.org/escalade cache-miss
1385 http fetch GET 200 https://registry.npmjs.org/escalade 2ms (cache hit)
1386 silly packumentCache full:https://registry.npmjs.org/escalade set size:33724 disposed:false
1387 silly fetch manifest string-width@^4.2.3
1388 silly packumentCache full:https://registry.npmjs.org/string-width cache-miss
1389 http fetch GET 200 https://registry.npmjs.org/string-width 1ms (cache hit)
1390 silly packumentCache full:https://registry.npmjs.org/string-width set size:64158 disposed:false
1391 silly fetch manifest yargs-parser@^21.1.1
1392 silly packumentCache full:https://registry.npmjs.org/yargs-parser cache-miss
1393 http fetch GET 200 https://registry.npmjs.org/@open-draft%2flogger 331ms (cache miss)
1394 silly packumentCache full:https://registry.npmjs.org/@open-draft%2flogger set size:undefined disposed:false
1395 silly fetch manifest get-caller-file@^2.0.5
1396 silly packumentCache full:https://registry.npmjs.org/get-caller-file cache-miss
1397 http fetch GET 200 https://registry.npmjs.org/@inquirer%2ftype 659ms (cache miss)
1398 silly packumentCache full:https://registry.npmjs.org/@inquirer%2ftype set size:undefined disposed:false
1399 silly fetch manifest require-directory@^2.1.1
1400 silly packumentCache full:https://registry.npmjs.org/require-directory cache-miss
1401 http fetch GET 200 https://registry.npmjs.org/y18n 694ms (cache miss)
1402 silly packumentCache full:https://registry.npmjs.org/y18n set size:undefined disposed:false
1403 http fetch GET 200 https://registry.npmjs.org/cliui 812ms (cache miss)
1404 silly packumentCache full:https://registry.npmjs.org/cliui set size:undefined disposed:false
1405 http fetch GET 200 https://registry.npmjs.org/require-directory 565ms (cache miss)
1406 silly packumentCache full:https://registry.npmjs.org/require-directory set size:undefined disposed:false
1407 http fetch GET 200 https://registry.npmjs.org/get-caller-file 1061ms (cache miss)
1408 silly packumentCache full:https://registry.npmjs.org/get-caller-file set size:undefined disposed:false
1409 http fetch GET 200 https://registry.npmjs.org/@inquirer%2fcore 1900ms (cache miss)
1410 silly packumentCache full:https://registry.npmjs.org/@inquirer%2fcore set size:undefined disposed:false
1411 http fetch GET 200 https://registry.npmjs.org/yargs-parser 1950ms (cache miss)
1412 silly packumentCache full:https://registry.npmjs.org/yargs-parser set size:undefined disposed:false
1413 http fetch GET 200 https://registry.npmjs.org/tldts 11320ms (cache miss)
1414 silly packumentCache full:https://registry.npmjs.org/tldts set size:undefined disposed:false
1415 silly placeDep ROOT @inquirer/core@10.2.0 OK for: @inquirer/confirm@5.1.16 want: ^10.2.0
1416 silly placeDep ROOT @inquirer/type@3.0.8 OK for: @inquirer/confirm@5.1.16 want: ^3.0.8
1417 silly fetch manifest @inquirer/figures@^1.0.13
1418 silly packumentCache full:https://registry.npmjs.org/@inquirer%2ffigures cache-miss
1419 silly fetch manifest ansi-escapes@^4.3.2
1420 silly packumentCache full:https://registry.npmjs.org/ansi-escapes cache-miss
1421 silly fetch manifest cli-width@^4.1.0
1422 silly packumentCache full:https://registry.npmjs.org/cli-width cache-miss
1423 silly fetch manifest mute-stream@^2.0.0
1424 silly packumentCache full:https://registry.npmjs.org/mute-stream cache-miss
1425 silly fetch manifest wrap-ansi@^6.2.0
1426 silly packumentCache full:https://registry.npmjs.org/wrap-ansi cache-miss
1427 silly fetch manifest yoctocolors-cjs@^2.1.2
1428 silly packumentCache full:https://registry.npmjs.org/yoctocolors-cjs cache-miss
1429 http fetch GET 200 https://registry.npmjs.org/@inquirer%2ffigures 503ms (cache miss)
1430 silly packumentCache full:https://registry.npmjs.org/@inquirer%2ffigures set size:undefined disposed:false
1431 http fetch GET 200 https://registry.npmjs.org/cli-width 560ms (cache miss)
1432 silly packumentCache full:https://registry.npmjs.org/cli-width set size:undefined disposed:false
1433 http fetch GET 200 https://registry.npmjs.org/wrap-ansi 573ms (cache miss)
1434 silly packumentCache full:https://registry.npmjs.org/wrap-ansi set size:undefined disposed:false
1435 http fetch GET 200 https://registry.npmjs.org/mute-stream 871ms (cache miss)
1436 silly packumentCache full:https://registry.npmjs.org/mute-stream set size:undefined disposed:false
1437 http fetch GET 200 https://registry.npmjs.org/ansi-escapes 886ms (cache miss)
1438 silly packumentCache full:https://registry.npmjs.org/ansi-escapes set size:undefined disposed:false
1439 http fetch GET 200 https://registry.npmjs.org/yoctocolors-cjs 1249ms (cache miss)
1440 silly packumentCache full:https://registry.npmjs.org/yoctocolors-cjs set size:undefined disposed:false
1441 silly placeDep ROOT @inquirer/figures@1.0.13 OK for: @inquirer/core@10.2.0 want: ^1.0.13
1442 silly placeDep ROOT ansi-escapes@4.3.2 OK for: @inquirer/core@10.2.0 want: ^4.3.2
1443 silly placeDep ROOT cli-width@4.1.0 OK for: @inquirer/core@10.2.0 want: ^4.1.0
1444 silly placeDep ROOT mute-stream@2.0.0 OK for: @inquirer/core@10.2.0 want: ^2.0.0
1445 silly placeDep ROOT wrap-ansi@6.2.0 OK for: @inquirer/core@10.2.0 want: ^6.2.0
1446 silly placeDep ROOT yoctocolors-cjs@2.1.3 OK for: @inquirer/core@10.2.0 want: ^2.1.2
1447 silly fetch manifest type-fest@^0.21.3
1448 silly packumentCache full:https://registry.npmjs.org/type-fest cache-miss
1449 silly fetch manifest strip-ansi@^6.0.0
1450 silly packumentCache full:https://registry.npmjs.org/strip-ansi cache-miss
1451 silly fetch manifest ansi-styles@^4.0.0
1452 silly packumentCache full:https://registry.npmjs.org/ansi-styles cache-miss
1453 silly fetch manifest string-width@^4.1.0
1454 silly packumentCache full:https://registry.npmjs.org/string-width cache-hit
1455 http fetch GET 200 https://registry.npmjs.org/strip-ansi 4ms (cache hit)
1456 silly packumentCache full:https://registry.npmjs.org/strip-ansi set size:41855 disposed:false
1457 http fetch GET 200 https://registry.npmjs.org/type-fest 6ms (cache hit)
1458 silly packumentCache full:https://registry.npmjs.org/type-fest set size:526878 disposed:false
1459 http fetch GET 200 https://registry.npmjs.org/ansi-styles 641ms (cache miss)
1460 silly packumentCache full:https://registry.npmjs.org/ansi-styles set size:undefined disposed:false
1461 silly placeDep ROOT @open-draft/logger@0.3.0 OK for: @mswjs/interceptors@0.39.6 want: ^0.3.0
1462 silly placeDep node_modules/ansi-escapes type-fest@0.21.3 OK for: ansi-escapes@4.3.2 want: ^0.21.3
1463 silly placeDep ROOT data-uri-to-buffer@4.0.1 OK for: node-fetch@3.3.2 want: ^4.0.0
1464 silly placeDep ROOT fetch-blob@3.2.0 OK for: node-fetch@3.3.2 want: ^3.1.4
1465 silly placeDep ROOT formdata-polyfill@4.0.10 OK for: node-fetch@3.3.2 want: ^4.0.10
1466 silly fetch manifest node-domexception@^1.0.0
1467 silly packumentCache full:https://registry.npmjs.org/node-domexception cache-miss
1468 silly fetch manifest web-streams-polyfill@^3.0.3
1469 silly packumentCache full:https://registry.npmjs.org/web-streams-polyfill cache-miss
1470 http fetch GET 200 https://registry.npmjs.org/node-domexception 298ms (cache miss)
1471 silly packumentCache full:https://registry.npmjs.org/node-domexception set size:undefined disposed:false
1472 http fetch GET 200 https://registry.npmjs.org/web-streams-polyfill 1490ms (cache miss)
1473 silly packumentCache full:https://registry.npmjs.org/web-streams-polyfill set size:undefined disposed:false
1474 silly placeDep ROOT node-domexception@1.0.0 OK for: fetch-blob@3.2.0 want: ^1.0.0
1475 silly placeDep ROOT web-streams-polyfill@3.3.3 OK for: fetch-blob@3.2.0 want: ^3.0.3
1476 silly placeDep node_modules/npm-run-path path-key@4.0.0 OK for: npm-run-path@6.0.0 want: ^4.0.0
1477 silly placeDep ROOT unicorn-magic@0.3.0 OK for: npm-run-path@6.0.0 want: ^0.3.0
1478 silly placeDep ROOT ee-first@1.1.1 OK for: on-finished@2.4.1 want: 1.1.1
1479 silly placeDep ROOT wrappy@1.0.2 OK for: once@1.4.0 want: 1
1480 silly placeDep ROOT chalk@5.6.2 OK for: ora@8.2.0 want: ^5.3.0
1481 silly placeDep ROOT cli-cursor@5.0.0 OK for: ora@8.2.0 want: ^5.0.0
1482 silly placeDep ROOT cli-spinners@2.9.2 OK for: ora@8.2.0 want: ^2.9.2
1483 silly placeDep ROOT is-interactive@2.0.0 OK for: ora@8.2.0 want: ^2.0.0
1484 silly placeDep ROOT log-symbols@6.0.0 OK for: ora@8.2.0 want: ^6.0.0
1485 silly placeDep ROOT stdin-discarder@0.2.2 OK for: ora@8.2.0 want: ^0.2.2
1486 silly placeDep ROOT string-width@7.2.0 OK for: ora@8.2.0 want: ^7.2.0
1487 silly placeDep ROOT strip-ansi@7.1.2 OK for: ora@8.2.0 want: ^7.1.0
1488 silly fetch manifest restore-cursor@^5.0.0
1489 silly packumentCache full:https://registry.npmjs.org/restore-cursor cache-miss
1490 silly fetch manifest is-unicode-supported@^1.3.0
1491 silly packumentCache full:https://registry.npmjs.org/is-unicode-supported cache-miss
1492 silly fetch manifest emoji-regex@^10.3.0
1493 silly packumentCache full:https://registry.npmjs.org/emoji-regex cache-miss
1494 silly fetch manifest get-east-asian-width@^1.0.0
1495 silly packumentCache full:https://registry.npmjs.org/get-east-asian-width cache-miss
1496 silly fetch manifest ansi-regex@^6.0.1
1497 silly packumentCache full:https://registry.npmjs.org/ansi-regex cache-miss
1498 http fetch GET 200 https://registry.npmjs.org/is-unicode-supported 6ms (cache hit)
1499 silly packumentCache full:https://registry.npmjs.org/is-unicode-supported set size:19461 disposed:false
1500 http fetch GET 200 https://registry.npmjs.org/get-east-asian-width 318ms (cache miss)
1501 silly packumentCache full:https://registry.npmjs.org/get-east-asian-width set size:undefined disposed:false
1502 http fetch GET 200 https://registry.npmjs.org/emoji-regex 703ms (cache miss)
1503 silly packumentCache full:https://registry.npmjs.org/emoji-regex set size:undefined disposed:false
1504 http fetch GET 200 https://registry.npmjs.org/ansi-regex 748ms (cache miss)
1505 silly packumentCache full:https://registry.npmjs.org/ansi-regex set size:undefined disposed:false
1506 http fetch GET 200 https://registry.npmjs.org/restore-cursor 876ms (cache miss)
1507 silly packumentCache full:https://registry.npmjs.org/restore-cursor set size:undefined disposed:false
1508 silly placeDep ROOT restore-cursor@5.1.0 OK for: cli-cursor@5.0.0 want: ^5.0.0
1509 silly fetch manifest onetime@^7.0.0
1510 silly packumentCache full:https://registry.npmjs.org/onetime cache-miss
1511 http fetch GET 200 https://registry.npmjs.org/onetime 4ms (cache hit)
1512 silly packumentCache full:https://registry.npmjs.org/onetime set size:30525 disposed:false
1513 silly placeDep node_modules/log-symbols is-unicode-supported@1.3.0 OK for: log-symbols@6.0.0 want: ^1.3.0
1514 silly placeDep ROOT callsites@3.1.0 OK for: parent-module@1.0.1 want: ^3.0.0
1515 silly placeDep ROOT error-ex@1.3.2 OK for: parse-json@5.2.0 want: ^1.3.1
1516 silly placeDep ROOT json-parse-even-better-errors@2.3.1 OK for: parse-json@5.2.0 want: ^2.3.0
1517 silly placeDep ROOT lines-and-columns@1.2.4 OK for: parse-json@5.2.0 want: ^1.1.6
1518 silly fetch manifest is-arrayish@^0.2.1
1519 silly packumentCache full:https://registry.npmjs.org/is-arrayish cache-miss
1520 http fetch GET 200 https://registry.npmjs.org/is-arrayish 266ms (cache miss)
1521 silly packumentCache full:https://registry.npmjs.org/is-arrayish set size:undefined disposed:false
1522 silly placeDep ROOT is-arrayish@0.2.1 OK for: error-ex@1.3.2 want: ^0.2.1
1523 silly placeDep ROOT nanoid@3.3.11 OK for: postcss@8.5.6 want: ^3.3.11
1524 silly placeDep ROOT source-map-js@1.2.1 OK for: postcss@8.5.6 want: ^1.2.1
1525 silly placeDep ROOT parse-ms@4.0.0 OK for: pretty-ms@9.2.0 want: ^4.0.0
1526 silly placeDep node_modules/prompts kleur@3.0.3 OK for: prompts@2.4.2 want: ^3.0.3
1527 silly placeDep ROOT sisteransi@1.0.5 OK for: prompts@2.4.2 want: ^1.0.5
1528 silly placeDep ROOT forwarded@0.2.0 OK for: proxy-addr@2.0.7 want: 0.2.0
1529 silly placeDep ROOT ipaddr.js@1.9.1 OK for: proxy-addr@2.0.7 want: 1.9.1
1530 silly placeDep ROOT side-channel@1.1.0 OK for: qs@6.14.0 want: ^1.1.0
1531 silly fetch manifest es-errors@^1.3.0
1532 silly packumentCache full:https://registry.npmjs.org/es-errors cache-miss
1533 silly fetch manifest object-inspect@^1.13.3
1534 silly packumentCache full:https://registry.npmjs.org/object-inspect cache-miss
1535 silly fetch manifest side-channel-list@^1.0.0
1536 silly packumentCache full:https://registry.npmjs.org/side-channel-list cache-miss
1537 silly fetch manifest side-channel-map@^1.0.1
1538 silly packumentCache full:https://registry.npmjs.org/side-channel-map cache-miss
1539 silly fetch manifest side-channel-weakmap@^1.0.2
1540 silly packumentCache full:https://registry.npmjs.org/side-channel-weakmap cache-miss
1541 http fetch GET 200 https://registry.npmjs.org/side-channel-map 271ms (cache miss)
1542 silly packumentCache full:https://registry.npmjs.org/side-channel-map set size:undefined disposed:false
1543 http fetch GET 200 https://registry.npmjs.org/side-channel-weakmap 323ms (cache miss)
1544 silly packumentCache full:https://registry.npmjs.org/side-channel-weakmap set size:undefined disposed:false
1545 http fetch GET 200 https://registry.npmjs.org/side-channel-list 433ms (cache miss)
1546 silly packumentCache full:https://registry.npmjs.org/side-channel-list set size:undefined disposed:false
1547 http fetch GET 200 https://registry.npmjs.org/object-inspect 995ms (cache miss)
1548 silly packumentCache full:https://registry.npmjs.org/object-inspect set size:undefined disposed:false
1549 http fetch GET 200 https://registry.npmjs.org/es-errors 2072ms (cache miss)
1550 silly packumentCache full:https://registry.npmjs.org/es-errors set size:undefined disposed:false
1551 silly placeDep node_modules/raw-body iconv-lite@0.7.0 OK for: raw-body@3.0.1 want: 0.7.0
1552 silly placeDep ROOT unpipe@1.0.0 OK for: raw-body@3.0.1 want: 1.0.0
1553 silly placeDep ROOT ast-types@0.16.1 OK for: recast@0.23.11 want: ^0.16.1
1554 silly placeDep ROOT esprima@4.0.1 OK for: recast@0.23.11 want: ~4.0.0
1555 silly placeDep ROOT source-map@0.6.1 OK for: recast@0.23.11 want: ~0.6.1
1556 silly placeDep ROOT tiny-invariant@1.3.3 OK for: recast@0.23.11 want: ^1.3.3
1557 silly placeDep ROOT tslib@2.8.1 OK for: recast@0.23.11 want: ^2.0.1
1558 silly placeDep ROOT onetime@7.0.0 OK for: restore-cursor@5.1.0 want: ^7.0.0
1559 silly fetch manifest mimic-function@^5.0.0
1560 silly packumentCache full:https://registry.npmjs.org/mimic-function cache-miss
1561 http fetch GET 200 https://registry.npmjs.org/mimic-function 290ms (cache miss)
1562 silly packumentCache full:https://registry.npmjs.org/mimic-function set size:undefined disposed:false
1563 silly placeDep ROOT mimic-function@5.0.1 OK for: onetime@7.0.0 want: ^5.0.0
1564 silly placeDep ROOT is-promise@4.0.0 OK for: router@2.2.0 want: ^4.0.0
1565 silly placeDep node_modules/router path-to-regexp@8.3.0 OK for: router@2.2.0 want: ^8.0.0
1566 silly placeDep ROOT queue-microtask@1.2.3 OK for: run-parallel@1.2.0 want: ^1.2.2
1567 silly placeDep ROOT shebang-regex@3.0.0 OK for: shebang-command@2.0.0 want: ^3.0.0
1568 silly placeDep ROOT es-errors@1.3.0 OK for: side-channel@1.1.0 want: ^1.3.0
1569 silly placeDep ROOT object-inspect@1.13.4 OK for: side-channel@1.1.0 want: ^1.13.3
1570 silly placeDep ROOT side-channel-list@1.0.0 OK for: side-channel@1.1.0 want: ^1.0.0
1571 silly placeDep ROOT side-channel-map@1.0.1 OK for: side-channel@1.1.0 want: ^1.0.1
1572 silly placeDep ROOT side-channel-weakmap@1.0.2 OK for: side-channel@1.1.0 want: ^1.0.2
1573 silly fetch manifest call-bound@^1.0.2
1574 silly packumentCache full:https://registry.npmjs.org/call-bound cache-miss
1575 silly fetch manifest get-intrinsic@^1.2.5
1576 silly packumentCache full:https://registry.npmjs.org/get-intrinsic cache-miss
1577 silly fetch manifest call-bound@^1.0.2
1578 silly packumentCache full:https://registry.npmjs.org/call-bound cache-miss
1579 silly fetch manifest get-intrinsic@^1.2.5
1580 silly packumentCache full:https://registry.npmjs.org/get-intrinsic cache-miss
1581 http fetch GET 200 https://registry.npmjs.org/call-bound 266ms (cache miss)
1582 silly packumentCache full:https://registry.npmjs.org/call-bound set size:undefined disposed:false
1583 http fetch GET 200 https://registry.npmjs.org/call-bound 614ms (cache miss)
1584 silly packumentCache full:https://registry.npmjs.org/call-bound set size:undefined disposed:false
1585 http fetch GET 200 https://registry.npmjs.org/get-intrinsic 756ms (cache miss)
1586 silly packumentCache full:https://registry.npmjs.org/get-intrinsic set size:undefined disposed:false
1587 http fetch GET 200 https://registry.npmjs.org/get-intrinsic 2384ms (cache miss)
1588 silly packumentCache full:https://registry.npmjs.org/get-intrinsic set size:undefined disposed:false
1589 silly placeDep ROOT call-bound@1.0.4 OK for: side-channel-map@1.0.1 want: ^1.0.2
1590 silly placeDep ROOT get-intrinsic@1.3.0 OK for: side-channel-map@1.0.1 want: ^1.2.5
1591 silly fetch manifest call-bind-apply-helpers@^1.0.2
1592 silly packumentCache full:https://registry.npmjs.org/call-bind-apply-helpers cache-miss
1593 silly fetch manifest get-intrinsic@^1.3.0
1594 silly packumentCache full:https://registry.npmjs.org/get-intrinsic cache-miss
1595 silly fetch manifest call-bind-apply-helpers@^1.0.2
1596 silly packumentCache full:https://registry.npmjs.org/call-bind-apply-helpers cache-miss
1597 silly fetch manifest es-define-property@^1.0.1
1598 silly packumentCache full:https://registry.npmjs.org/es-define-property cache-miss
1599 silly fetch manifest es-object-atoms@^1.1.1
1600 silly packumentCache full:https://registry.npmjs.org/es-object-atoms cache-miss
1601 silly fetch manifest function-bind@^1.1.2
1602 silly packumentCache full:https://registry.npmjs.org/function-bind cache-miss
1603 silly fetch manifest get-proto@^1.0.1
1604 silly packumentCache full:https://registry.npmjs.org/get-proto cache-miss
1605 http fetch GET 200 https://registry.npmjs.org/get-intrinsic 10ms (cache hit)
1606 silly packumentCache full:https://registry.npmjs.org/get-intrinsic set size:57687 disposed:false
1607 silly fetch manifest gopd@^1.2.0
1608 silly packumentCache full:https://registry.npmjs.org/gopd cache-miss
1609 http fetch GET 200 https://registry.npmjs.org/es-object-atoms 267ms (cache miss)
1610 silly packumentCache full:https://registry.npmjs.org/es-object-atoms set size:undefined disposed:false
1611 silly fetch manifest has-symbols@^1.1.0
1612 silly packumentCache full:https://registry.npmjs.org/has-symbols cache-miss
1613 http fetch GET 200 https://registry.npmjs.org/es-define-property 277ms (cache miss)
1614 silly packumentCache full:https://registry.npmjs.org/es-define-property set size:undefined disposed:false
1615 silly fetch manifest hasown@^2.0.2
1616 silly packumentCache full:https://registry.npmjs.org/hasown cache-miss
1617 http fetch GET 200 https://registry.npmjs.org/call-bind-apply-helpers 373ms (cache miss)
1618 silly packumentCache full:https://registry.npmjs.org/call-bind-apply-helpers set size:undefined disposed:false
1619 silly fetch manifest math-intrinsics@^1.1.0
1620 silly packumentCache full:https://registry.npmjs.org/math-intrinsics cache-miss
1621 http fetch GET 200 https://registry.npmjs.org/gopd 494ms (cache miss)
1622 silly packumentCache full:https://registry.npmjs.org/gopd set size:undefined disposed:false
1623 http fetch GET 200 https://registry.npmjs.org/has-symbols 309ms (cache miss)
1624 silly packumentCache full:https://registry.npmjs.org/has-symbols set size:undefined disposed:false
1625 http fetch GET 200 https://registry.npmjs.org/call-bind-apply-helpers 683ms (cache miss)
1626 silly packumentCache full:https://registry.npmjs.org/call-bind-apply-helpers set size:undefined disposed:false
1627 http fetch GET 200 https://registry.npmjs.org/math-intrinsics 344ms (cache miss)
1628 silly packumentCache full:https://registry.npmjs.org/math-intrinsics set size:undefined disposed:false
1629 http fetch GET 200 https://registry.npmjs.org/get-proto 830ms (cache miss)
1630 silly packumentCache full:https://registry.npmjs.org/get-proto set size:undefined disposed:false
1631 http fetch GET 200 https://registry.npmjs.org/hasown 1034ms (cache miss)
1632 silly packumentCache full:https://registry.npmjs.org/hasown set size:undefined disposed:false
1633 http fetch GET 200 https://registry.npmjs.org/function-bind 1407ms (cache miss)
1634 silly packumentCache full:https://registry.npmjs.org/function-bind set size:undefined disposed:false
1635 silly placeDep ROOT call-bind-apply-helpers@1.0.2 OK for: call-bound@1.0.4 want: ^1.0.2
1636 silly placeDep ROOT function-bind@1.1.2 OK for: call-bind-apply-helpers@1.0.2 want: ^1.1.2
1637 silly placeDep ROOT es-define-property@1.0.1 OK for: get-intrinsic@1.3.0 want: ^1.0.1
1638 silly placeDep ROOT es-object-atoms@1.1.1 OK for: get-intrinsic@1.3.0 want: ^1.1.1
1639 silly placeDep ROOT get-proto@1.0.1 OK for: get-intrinsic@1.3.0 want: ^1.0.1
1640 silly placeDep ROOT gopd@1.2.0 OK for: get-intrinsic@1.3.0 want: ^1.2.0
1641 silly placeDep ROOT has-symbols@1.1.0 OK for: get-intrinsic@1.3.0 want: ^1.1.0
1642 silly placeDep ROOT hasown@2.0.2 OK for: get-intrinsic@1.3.0 want: ^2.0.2
1643 silly placeDep ROOT math-intrinsics@1.1.0 OK for: get-intrinsic@1.3.0 want: ^1.1.0
1644 silly fetch manifest dunder-proto@^1.0.1
1645 silly packumentCache full:https://registry.npmjs.org/dunder-proto cache-miss
1646 http fetch GET 200 https://registry.npmjs.org/dunder-proto 290ms (cache miss)
1647 silly packumentCache full:https://registry.npmjs.org/dunder-proto set size:undefined disposed:false
1648 silly placeDep ROOT dunder-proto@1.0.1 OK for: get-proto@1.0.1 want: ^1.0.1
1649 silly placeDep ROOT emoji-regex@10.5.0 OK for: string-width@7.2.0 want: ^10.3.0
1650 silly placeDep ROOT get-east-asian-width@1.4.0 OK for: string-width@7.2.0 want: ^1.0.0
1651 silly placeDep ROOT get-own-enumerable-keys@1.0.0 OK for: stringify-object@5.0.0 want: ^1.0.0
1652 silly placeDep ROOT is-obj@3.0.0 OK for: stringify-object@5.0.0 want: ^3.0.0
1653 silly placeDep ROOT is-regexp@3.1.0 OK for: stringify-object@5.0.0 want: ^3.1.0
1654 silly placeDep ROOT ansi-regex@6.2.2 OK for: strip-ansi@7.1.2 want: ^6.0.1
1655 silly placeDep ROOT is-number@7.0.0 OK for: to-regex-range@5.0.1 want: ^7.0.0
1656 silly placeDep ROOT tldts@7.0.14 OK for: tough-cookie@6.0.0 want: ^7.0.5
1657 silly fetch manifest tldts-core@^7.0.14
1658 silly packumentCache full:https://registry.npmjs.org/tldts-core cache-miss
1659 http fetch GET 200 https://registry.npmjs.org/tldts-core 10080ms (cache miss)
1660 silly packumentCache full:https://registry.npmjs.org/tldts-core set size:undefined disposed:false
1661 silly placeDep ROOT tldts-core@7.0.14 OK for: tldts@7.0.14 want: ^7.0.14
1662 silly placeDep ROOT @ts-morph/common@0.27.0 OK for: ts-morph@26.0.0 want: ~0.27.0
1663 silly placeDep ROOT code-block-writer@13.0.3 OK for: ts-morph@26.0.0 want: ^13.0.3
1664 silly fetch manifest minimatch@^10.0.1
1665 silly packumentCache full:https://registry.npmjs.org/minimatch cache-miss
1666 silly fetch manifest path-browserify@^1.0.1
1667 silly packumentCache full:https://registry.npmjs.org/path-browserify cache-miss
1668 http fetch GET 200 https://registry.npmjs.org/path-browserify 407ms (cache miss)
1669 silly packumentCache full:https://registry.npmjs.org/path-browserify set size:undefined disposed:false
1670 http fetch GET 200 https://registry.npmjs.org/minimatch 10470ms (cache miss)
1671 silly packumentCache full:https://registry.npmjs.org/minimatch set size:undefined disposed:false
1672 silly placeDep ROOT minimatch@10.0.3 OK for: @ts-morph/common@0.27.0 want: ^10.0.1
1673 silly placeDep ROOT path-browserify@1.0.1 OK for: @ts-morph/common@0.27.0 want: ^1.0.1
1674 silly fetch manifest @isaacs/brace-expansion@^5.0.0
1675 silly packumentCache full:https://registry.npmjs.org/@isaacs%2fbrace-expansion cache-miss
1676 http fetch GET 200 https://registry.npmjs.org/@isaacs%2fbrace-expansion 491ms (cache miss)
1677 silly packumentCache full:https://registry.npmjs.org/@isaacs%2fbrace-expansion set size:undefined disposed:false
1678 silly placeDep ROOT @isaacs/brace-expansion@5.0.0 OK for: minimatch@10.0.3 want: ^5.0.0
1679 silly fetch manifest @isaacs/balanced-match@^4.0.1
1680 silly packumentCache full:https://registry.npmjs.org/@isaacs%2fbalanced-match cache-miss
1681 http fetch GET 200 https://registry.npmjs.org/@isaacs%2fbalanced-match 1588ms (cache miss)
1682 silly packumentCache full:https://registry.npmjs.org/@isaacs%2fbalanced-match set size:undefined disposed:false
1683 silly placeDep ROOT @isaacs/balanced-match@4.0.1 OK for: @isaacs/brace-expansion@5.0.0 want: ^4.0.1
1684 silly placeDep ROOT minimist@1.2.8 OK for: tsconfig-paths@4.2.0 want: ^1.2.6
1685 silly placeDep ROOT strip-bom@3.0.0 OK for: tsconfig-paths@4.2.0 want: ^3.0.0
1686 silly placeDep ROOT media-typer@1.1.0 OK for: type-is@2.0.1 want: ^1.1.0
1687 silly placeDep ROOT escalade@3.2.0 OK for: update-browserslist-db@1.1.3 want: ^3.2.0
1688 silly placeDep ROOT punycode@2.3.1 OK for: uri-js@4.4.1 want: ^2.1.0
1689 silly placeDep ROOT isexe@3.1.1 OK for: which@4.0.0 want: ^3.1.1
1690 silly placeDep ROOT ansi-styles@4.3.0 OK for: wrap-ansi@6.2.0 want: ^4.0.0
1691 silly placeDep node_modules/wrap-ansi string-width@4.2.3 OK for: wrap-ansi@6.2.0 want: ^4.1.0
1692 silly placeDep node_modules/wrap-ansi strip-ansi@6.0.1 OK for: wrap-ansi@6.2.0 want: ^6.0.0
1693 silly fetch manifest color-convert@^2.0.1
1694 silly packumentCache full:https://registry.npmjs.org/color-convert cache-miss
1695 silly fetch manifest strip-ansi@^6.0.1
1696 silly packumentCache full:https://registry.npmjs.org/strip-ansi cache-hit
1697 silly fetch manifest emoji-regex@^8.0.0
1698 silly packumentCache full:https://registry.npmjs.org/emoji-regex cache-miss
1699 silly fetch manifest is-fullwidth-code-point@^3.0.0
1700 silly packumentCache full:https://registry.npmjs.org/is-fullwidth-code-point cache-miss
1701 silly fetch manifest ansi-regex@^5.0.1
1702 silly packumentCache full:https://registry.npmjs.org/ansi-regex cache-miss
1703 http fetch GET 200 https://registry.npmjs.org/ansi-regex 5ms (cache hit)
1704 silly packumentCache full:https://registry.npmjs.org/ansi-regex set size:43572 disposed:false
1705 http fetch GET 200 https://registry.npmjs.org/emoji-regex 7ms (cache hit)
1706 silly packumentCache full:https://registry.npmjs.org/emoji-regex set size:87013 disposed:false
1707 http fetch GET 200 https://registry.npmjs.org/is-fullwidth-code-point 294ms (cache miss)
1708 silly packumentCache full:https://registry.npmjs.org/is-fullwidth-code-point set size:undefined disposed:false
1709 http fetch GET 200 https://registry.npmjs.org/color-convert 751ms (cache miss)
1710 silly packumentCache full:https://registry.npmjs.org/color-convert set size:undefined disposed:false
1711 silly placeDep ROOT color-convert@2.0.1 OK for: ansi-styles@4.3.0 want: ^2.0.1
1712 silly fetch manifest color-name@~1.1.4
1713 silly packumentCache full:https://registry.npmjs.org/color-name cache-miss
1714 http fetch GET 200 https://registry.npmjs.org/color-name 254ms (cache miss)
1715 silly packumentCache full:https://registry.npmjs.org/color-name set size:undefined disposed:false
1716 silly placeDep ROOT color-name@1.1.4 OK for: color-convert@2.0.1 want: ~1.1.4
1717 silly placeDep ROOT cliui@8.0.1 OK for: yargs@17.7.2 want: ^8.0.1
1718 silly placeDep ROOT get-caller-file@2.0.5 OK for: yargs@17.7.2 want: ^2.0.5
1719 silly placeDep ROOT require-directory@2.1.1 OK for: yargs@17.7.2 want: ^2.1.1
1720 silly placeDep node_modules/yargs string-width@4.2.3 OK for: yargs@17.7.2 want: ^4.2.3
1721 silly placeDep ROOT y18n@5.0.8 OK for: yargs@17.7.2 want: ^5.0.5
1722 silly placeDep ROOT yargs-parser@21.1.1 OK for: yargs@17.7.2 want: ^21.1.1
1723 silly fetch manifest wrap-ansi@^7.0.0
1724 silly packumentCache full:https://registry.npmjs.org/wrap-ansi cache-miss
1725 silly fetch manifest string-width@^4.2.0
1726 silly packumentCache full:https://registry.npmjs.org/string-width cache-hit
1727 http fetch GET 200 https://registry.npmjs.org/wrap-ansi 4ms (cache hit)
1728 silly packumentCache full:https://registry.npmjs.org/wrap-ansi set size:51195 disposed:false
1729 silly placeDep node_modules/cliui string-width@4.2.3 OK for: cliui@8.0.1 want: ^4.2.0
1730 silly placeDep node_modules/cliui strip-ansi@6.0.1 OK for: cliui@8.0.1 want: ^6.0.1
1731 silly placeDep node_modules/cliui wrap-ansi@7.0.0 OK for: cliui@8.0.1 want: ^7.0.0
1732 silly placeDep node_modules/@dotenvx/dotenvx get-stream@6.0.1 OK for: execa@5.1.1 want: ^6.0.0
1733 silly placeDep node_modules/@dotenvx/dotenvx human-signals@2.1.0 OK for: execa@5.1.1 want: ^2.1.0
1734 silly placeDep node_modules/@dotenvx/dotenvx is-stream@2.0.1 OK for: execa@5.1.1 want: ^2.0.0
1735 silly placeDep ROOT merge-stream@2.0.0 OK for: execa@5.1.1 want: ^2.0.0
1736 silly placeDep node_modules/@dotenvx/dotenvx npm-run-path@4.0.1 OK for: execa@5.1.1 want: ^4.0.1
1737 silly placeDep node_modules/@dotenvx/dotenvx onetime@5.1.2 OK for: execa@5.1.1 want: ^5.1.2
1738 silly placeDep node_modules/@dotenvx/dotenvx signal-exit@3.0.7 OK for: execa@5.1.1 want: ^3.0.3
1739 silly placeDep node_modules/@dotenvx/dotenvx strip-final-newline@2.0.0 OK for: execa@5.1.1 want: ^2.0.0
1740 silly fetch manifest mimic-fn@^2.1.0
1741 silly packumentCache full:https://registry.npmjs.org/mimic-fn cache-miss
1742 http fetch GET 200 https://registry.npmjs.org/mimic-fn 851ms (cache miss)
1743 silly packumentCache full:https://registry.npmjs.org/mimic-fn set size:undefined disposed:false
1744 silly placeDep ROOT mimic-fn@2.1.0 OK for: onetime@5.1.2 want: ^2.1.0
1745 silly placeDep node_modules/cliui emoji-regex@8.0.0 OK for: string-width@4.2.3 want: ^8.0.0
1746 silly placeDep ROOT is-fullwidth-code-point@3.0.0 OK for: string-width@4.2.3 want: ^3.0.0
1747 silly placeDep node_modules/cliui ansi-regex@5.0.1 OK for: strip-ansi@6.0.1 want: ^5.0.1
1748 silly placeDep node_modules/cross-spawn isexe@2.0.0 OK for: which@2.0.2 want: ^2.0.0
1749 silly placeDep node_modules/wrap-ansi emoji-regex@8.0.0 OK for: string-width@4.2.3 want: ^8.0.0
1750 silly placeDep node_modules/wrap-ansi ansi-regex@5.0.1 OK for: strip-ansi@6.0.1 want: ^5.0.1
1751 silly placeDep node_modules/yargs emoji-regex@8.0.0 OK for: string-width@4.2.3 want: ^8.0.0
1752 silly placeDep node_modules/yargs strip-ansi@6.0.1 OK for: string-width@4.2.3 want: ^6.0.1
1753 silly placeDep node_modules/yargs ansi-regex@5.0.1 OK for: strip-ansi@6.0.1 want: ^5.0.1
1754 silly reify moves {}
1755 silly audit bulk request {
1755 silly audit   shadcn: [ '3.2.1' ],
1755 silly audit   '@antfu/ni': [ '25.0.0' ],
1755 silly audit   '@babel/core': [ '7.28.4' ],
1755 silly audit   '@babel/parser': [ '7.28.4' ],
1755 silly audit   '@babel/plugin-transform-typescript': [ '7.28.0' ],
1755 silly audit   '@dotenvx/dotenvx': [ '1.49.0' ],
1755 silly audit   '@modelcontextprotocol/sdk': [ '1.18.0' ],
1755 silly audit   commander: [ '14.0.1', '11.1.0' ],
1755 silly audit   cosmiconfig: [ '9.0.0' ],
1755 silly audit   dedent: [ '1.7.0' ],
1755 silly audit   deepmerge: [ '4.3.1' ],
1755 silly audit   diff: [ '8.0.2' ],
1755 silly audit   execa: [ '9.6.0', '5.1.1' ],
1755 silly audit   'fast-glob': [ '3.3.3' ],
1755 silly audit   'fs-extra': [ '11.3.1' ],
1755 silly audit   fuzzysort: [ '3.1.0' ],
1755 silly audit   'https-proxy-agent': [ '7.0.6' ],
1755 silly audit   kleur: [ '4.1.5', '3.0.3' ],
1755 silly audit   msw: [ '2.11.2' ],
1755 silly audit   'node-fetch': [ '3.3.2' ],
1755 silly audit   ora: [ '8.2.0' ],
1755 silly audit   postcss: [ '8.5.6' ],
1755 silly audit   prompts: [ '2.4.2' ],
1755 silly audit   recast: [ '0.23.11' ],
1755 silly audit   'stringify-object': [ '5.0.0' ],
1755 silly audit   'ts-morph': [ '26.0.0' ],
1755 silly audit   'tsconfig-paths': [ '4.2.0' ],
1755 silly audit   zod: [ '3.25.76' ],
1755 silly audit   'zod-to-json-schema': [ '3.24.6' ],
1755 silly audit   ansis: [ '4.1.0' ],
1755 silly audit   fzf: [ '0.5.2' ],
1755 silly audit   'package-manager-detector': [ '1.3.0' ],
1755 silly audit   tinyexec: [ '1.0.1' ],
1755 silly audit   '@babel/code-frame': [ '7.27.1' ],
1755 silly audit   '@babel/generator': [ '7.28.3' ],
1755 silly audit   '@babel/helper-compilation-targets': [ '7.27.2' ],
1755 silly audit   '@babel/helper-module-transforms': [ '7.28.3' ],
1755 silly audit   '@babel/helpers': [ '7.28.4' ],
1755 silly audit   '@babel/template': [ '7.27.2' ],
1755 silly audit   '@babel/traverse': [ '7.28.4' ],
1755 silly audit   '@babel/types': [ '7.28.4' ],
1755 silly audit   '@jridgewell/remapping': [ '2.3.5' ],
1755 silly audit   'convert-source-map': [ '2.0.0' ],
1755 silly audit   debug: [ '4.4.1' ],
1755 silly audit   gensync: [ '1.0.0-beta.2' ],
1755 silly audit   json5: [ '2.2.3' ],
1755 silly audit   semver: [ '6.3.1' ],
1755 silly audit   '@babel/helper-validator-identifier': [ '7.27.1' ],
1755 silly audit   'js-tokens': [ '4.0.0' ],
1755 silly audit   picocolors: [ '1.1.1' ],
1755 silly audit   '@jridgewell/gen-mapping': [ '0.3.13' ],
1755 silly audit   '@jridgewell/trace-mapping': [ '0.3.31' ],
1755 silly audit   jsesc: [ '3.1.0' ],
1755 silly audit   '@babel/compat-data': [ '7.28.4' ],
1755 silly audit   '@babel/helper-validator-option': [ '7.27.1' ],
1755 silly audit   browserslist: [ '4.26.0' ],
1755 silly audit   'lru-cache': [ '5.1.1' ],
1755 silly audit   '@babel/helper-module-imports': [ '7.27.1' ],
1755 silly audit   '@babel/helper-annotate-as-pure': [ '7.27.3' ],
1755 silly audit   '@babel/helper-create-class-features-plugin': [ '7.28.3' ],
1755 silly audit   '@babel/helper-plugin-utils': [ '7.27.1' ],
1755 silly audit   '@babel/helper-skip-transparent-expression-wrappers': [ '7.27.1' ],
1755 silly audit   '@babel/plugin-syntax-typescript': [ '7.27.1' ],
1755 silly audit   '@babel/helper-member-expression-to-functions': [ '7.27.1' ],
1755 silly audit   '@babel/helper-optimise-call-expression': [ '7.27.1' ],
1755 silly audit   '@babel/helper-replace-supers': [ '7.27.1' ],
1755 silly audit   '@babel/helper-globals': [ '7.28.0' ],
1755 silly audit   '@babel/helper-string-parser': [ '7.27.1' ],
1755 silly audit   dotenv: [ '17.2.2' ],
1755 silly audit   eciesjs: [ '0.4.15' ],
1755 silly audit   fdir: [ '6.5.0' ],
1755 silly audit   ignore: [ '5.3.2' ],
1755 silly audit   'object-treeify': [ '1.1.33' ],
1755 silly audit   picomatch: [ '4.0.3', '2.3.1' ],
1755 silly audit   which: [ '4.0.0', '2.0.2' ],
1755 silly audit   '@jridgewell/sourcemap-codec': [ '1.5.5' ],
1755 silly audit   '@jridgewell/resolve-uri': [ '3.1.2' ],
1755 silly audit   ajv: [ '6.12.6' ],
1755 silly audit   'content-type': [ '1.0.5' ],
1755 silly audit   cors: [ '2.8.5' ],
1755 silly audit   'cross-spawn': [ '7.0.6' ],
1755 silly audit   eventsource: [ '3.0.7' ],
1755 silly audit   'eventsource-parser': [ '3.0.6' ],
1755 silly audit   express: [ '5.1.0' ],
1755 silly audit   'express-rate-limit': [ '7.5.1' ],
1755 silly audit   'pkce-challenge': [ '5.0.0' ],
1755 silly audit   'raw-body': [ '3.0.1' ],
1755 silly audit   'fast-deep-equal': [ '3.1.3' ],
1755 silly audit   'fast-json-stable-stringify': [ '2.1.0' ],
1755 silly audit   'json-schema-traverse': [ '0.4.1' ],
1755 silly audit   'uri-js': [ '4.4.1' ],
1755 silly audit   'baseline-browser-mapping': [ '2.8.2' ],
1755 silly audit   'caniuse-lite': [ '1.0.30001741' ],
1755 silly audit   'electron-to-chromium': [ '1.5.218' ],
1755 silly audit   'node-releases': [ '2.0.21' ],
1755 silly audit   'update-browserslist-db': [ '1.1.3' ],
1755 silly audit   'object-assign': [ '4.1.1' ],
1755 silly audit   vary: [ '1.1.2' ],
1755 silly audit   'env-paths': [ '2.2.1' ],
1755 silly audit   'import-fresh': [ '3.3.1' ],
1755 silly audit   'js-yaml': [ '4.1.0' ],
1755 silly audit   'parse-json': [ '5.2.0' ],
1755 silly audit   'path-key': [ '3.1.1', '4.0.0' ],
1755 silly audit   'shebang-command': [ '2.0.0' ],
1755 silly audit   ms: [ '2.1.3' ],
1755 silly audit   '@ecies/ciphers': [ '0.2.4' ],
1755 silly audit   '@noble/ciphers': [ '1.3.0' ],
1755 silly audit   '@noble/curves': [ '1.9.7' ],
1755 silly audit   '@noble/hashes': [ '1.8.0' ],
1755 silly audit   '@sindresorhus/merge-streams': [ '4.0.0' ],
1755 silly audit   figures: [ '6.1.0' ],
1755 silly audit   'get-stream': [ '9.0.1', '6.0.1' ],
1755 silly audit   'human-signals': [ '8.0.1', '2.1.0' ],
1755 silly audit   'is-plain-obj': [ '4.1.0' ],
1755 silly audit   'is-stream': [ '4.0.1', '2.0.1' ],
1755 silly audit   'npm-run-path': [ '6.0.0', '4.0.1' ],
1755 silly audit   'pretty-ms': [ '9.2.0' ],
1755 silly audit   'signal-exit': [ '4.1.0', '3.0.7' ],
1755 silly audit   'strip-final-newline': [ '4.0.0', '2.0.0' ],
1755 silly audit   yoctocolors: [ '2.1.2' ],
1755 silly audit   accepts: [ '2.0.0' ],
1755 silly audit   'body-parser': [ '2.2.0' ],
1755 silly audit   'content-disposition': [ '1.0.0' ],
1755 silly audit   cookie: [ '0.7.2' ],
1755 silly audit   'cookie-signature': [ '1.2.2' ],
1755 silly audit   encodeurl: [ '2.0.0' ],
1755 silly audit   'escape-html': [ '1.0.3' ],
1755 silly audit   etag: [ '1.8.1' ],
1755 silly audit   finalhandler: [ '2.1.0' ],
1755 silly audit   fresh: [ '2.0.0' ],
1755 silly audit   'http-errors': [ '2.0.0' ],
1755 silly audit   'merge-descriptors': [ '2.0.0' ],
1755 silly audit   'mime-types': [ '3.0.1' ],
1755 silly audit   'on-finished': [ '2.4.1' ],
1755 silly audit   once: [ '1.4.0' ],
1755 silly audit   parseurl: [ '1.3.3' ],
1755 silly audit   'proxy-addr': [ '2.0.7' ],
1755 silly audit   qs: [ '6.14.0' ],
1755 silly audit   'range-parser': [ '1.2.1' ],
1755 silly audit   router: [ '2.2.0' ],
1755 silly audit   send: [ '1.2.0' ],
1755 silly audit   'serve-static': [ '2.2.0' ],
1755 silly audit   statuses: [ '2.0.2', '2.0.1' ],
1755 silly audit   'type-is': [ '2.0.1' ],
1755 silly audit   negotiator: [ '1.0.0' ],
1755 silly audit   bytes: [ '3.1.2' ],
1755 silly audit   'iconv-lite': [ '0.6.3', '0.7.0' ],
1755 silly audit   'safe-buffer': [ '5.2.1' ],
1755 silly audit   '@nodelib/fs.stat': [ '2.0.5' ],
1755 silly audit   '@nodelib/fs.walk': [ '1.2.8' ],
1755 silly audit   'glob-parent': [ '5.1.2' ],
1755 silly audit   merge2: [ '1.4.1' ],
1755 silly audit   micromatch: [ '4.0.8' ],
1755 silly audit   '@nodelib/fs.scandir': [ '2.1.5' ],
1755 silly audit   fastq: [ '1.19.1' ],
1755 silly audit   'run-parallel': [ '1.2.0' ],
1755 silly audit   reusify: [ '1.1.0' ],
1755 silly audit   'is-unicode-supported': [ '2.1.0', '1.3.0' ],
1755 silly audit   'graceful-fs': [ '4.2.11' ],
1755 silly audit   jsonfile: [ '6.2.0' ],
1755 silly audit   universalify: [ '2.0.1' ],
1755 silly audit   '@sec-ant/readable-stream': [ '0.4.1' ],
1755 silly audit   'is-glob': [ '4.0.3' ],
1755 silly audit   depd: [ '2.0.0' ],
1755 silly audit   inherits: [ '2.0.4' ],
1755 silly audit   setprototypeof: [ '1.2.0' ],
1755 silly audit   toidentifier: [ '1.0.1' ],
1755 silly audit   'agent-base': [ '7.1.4' ],
1755 silly audit   'safer-buffer': [ '2.1.2' ],
1755 silly audit   'parent-module': [ '1.0.1' ],
1755 silly audit   'resolve-from': [ '4.0.0' ],
1755 silly audit   'is-extglob': [ '2.1.1' ],
1755 silly audit   argparse: [ '2.0.1' ],
1755 silly audit   yallist: [ '3.1.1' ],
1755 silly audit   braces: [ '3.0.3' ],
1755 silly audit   'fill-range': [ '7.1.1' ],
1755 silly audit   'to-regex-range': [ '5.0.1' ],
1755 silly audit   'mime-db': [ '1.54.0' ],
1755 silly audit   '@bundled-es-modules/cookie': [ '2.0.1' ],
1755 silly audit   '@bundled-es-modules/statuses': [ '1.0.1' ],
1755 silly audit   '@inquirer/confirm': [ '5.1.16' ],
1755 silly audit   '@mswjs/interceptors': [ '0.39.6' ],
1755 silly audit   '@open-draft/deferred-promise': [ '2.2.0' ],
1755 silly audit   '@open-draft/until': [ '2.1.0' ],
1755 silly audit   '@types/cookie': [ '0.6.0' ],
1755 silly audit   '@types/statuses': [ '2.0.6' ],
1755 silly audit   graphql: [ '16.11.0' ],
1755 silly audit   'headers-polyfill': [ '4.0.3' ],
1755 silly audit   'is-node-process': [ '1.2.0' ],
1755 silly audit   outvariant: [ '1.4.3' ],
1755 silly audit   'path-to-regexp': [ '6.3.0', '8.3.0' ],
1755 silly audit   rettime: [ '0.7.0' ],
1755 silly audit   'strict-event-emitter': [ '0.5.1' ],
1755 silly audit   'tough-cookie': [ '6.0.0' ],
1755 silly audit   'type-fest': [ '4.41.0', '0.21.3' ],
1755 silly audit   yargs: [ '17.7.2' ],
1755 silly audit   '@inquirer/core': [ '10.2.0' ],
1755 silly audit   '@inquirer/type': [ '3.0.8' ],
1755 silly audit   '@inquirer/figures': [ '1.0.13' ],
1755 silly audit   'ansi-escapes': [ '4.3.2' ],
1755 silly audit   'cli-width': [ '4.1.0' ],
1755 silly audit   'mute-stream': [ '2.0.0' ],
1755 silly audit   'wrap-ansi': [ '6.2.0', '7.0.0' ],
1755 silly audit   'yoctocolors-cjs': [ '2.1.3' ],
1755 silly audit   '@open-draft/logger': [ '0.3.0' ],
1755 silly audit   'data-uri-to-buffer': [ '4.0.1' ],
1755 silly audit   'fetch-blob': [ '3.2.0' ],
1755 silly audit   'formdata-polyfill': [ '4.0.10' ],
1755 silly audit   'node-domexception': [ '1.0.0' ],
1755 silly audit   'web-streams-polyfill': [ '3.3.3' ],
1755 silly audit   'unicorn-magic': [ '0.3.0' ],
1755 silly audit   'ee-first': [ '1.1.1' ],
1755 silly audit   wrappy: [ '1.0.2' ],
1755 silly audit   chalk: [ '5.6.2' ],
1755 silly audit   'cli-cursor': [ '5.0.0' ],
1755 silly audit   'cli-spinners': [ '2.9.2' ],
1755 silly audit   'is-interactive': [ '2.0.0' ],
1755 silly audit   'log-symbols': [ '6.0.0' ],
1755 silly audit   'stdin-discarder': [ '0.2.2' ],
1755 silly audit   'string-width': [ '7.2.0', '4.2.3' ],
1755 silly audit   'strip-ansi': [ '7.1.2', '6.0.1' ],
1755 silly audit   'restore-cursor': [ '5.1.0' ],
1755 silly audit   callsites: [ '3.1.0' ],
1755 silly audit   'error-ex': [ '1.3.2' ],
1755 silly audit   'json-parse-even-better-errors': [ '2.3.1' ],
1755 silly audit   'lines-and-columns': [ '1.2.4' ],
1755 silly audit   'is-arrayish': [ '0.2.1' ],
1755 silly audit   nanoid: [ '3.3.11' ],
1755 silly audit   'source-map-js': [ '1.2.1' ],
1755 silly audit   'parse-ms': [ '4.0.0' ],
1755 silly audit   sisteransi: [ '1.0.5' ],
1755 silly audit   forwarded: [ '0.2.0' ],
1755 silly audit   'ipaddr.js': [ '1.9.1' ],
1755 silly audit   'side-channel': [ '1.1.0' ],
1755 silly audit   unpipe: [ '1.0.0' ],
1755 silly audit   'ast-types': [ '0.16.1' ],
1755 silly audit   esprima: [ '4.0.1' ],
1755 silly audit   'source-map': [ '0.6.1' ],
1755 silly audit   'tiny-invariant': [ '1.3.3' ],
1755 silly audit   tslib: [ '2.8.1' ],
1755 silly audit   onetime: [ '7.0.0', '5.1.2' ],
1755 silly audit   'mimic-function': [ '5.0.1' ],
1755 silly audit   'is-promise': [ '4.0.0' ],
1755 silly audit   'queue-microtask': [ '1.2.3' ],
1755 silly audit   'shebang-regex': [ '3.0.0' ],
1755 silly audit   'es-errors': [ '1.3.0' ],
1755 silly audit   'object-inspect': [ '1.13.4' ],
1755 silly audit   'side-channel-list': [ '1.0.0' ],
1755 silly audit   'side-channel-map': [ '1.0.1' ],
1755 silly audit   'side-channel-weakmap': [ '1.0.2' ],
1755 silly audit   'call-bound': [ '1.0.4' ],
1755 silly audit   'get-intrinsic': [ '1.3.0' ],
1755 silly audit   'call-bind-apply-helpers': [ '1.0.2' ],
1755 silly audit   'function-bind': [ '1.1.2' ],
1755 silly audit   'es-define-property': [ '1.0.1' ],
1755 silly audit   'es-object-atoms': [ '1.1.1' ],
1755 silly audit   'get-proto': [ '1.0.1' ],
1755 silly audit   gopd: [ '1.2.0' ],
1755 silly audit   'has-symbols': [ '1.1.0' ],
1755 silly audit   hasown: [ '2.0.2' ],
1755 silly audit   'math-intrinsics': [ '1.1.0' ],
1755 silly audit   'dunder-proto': [ '1.0.1' ],
1755 silly audit   'emoji-regex': [ '10.5.0', '8.0.0' ],
1755 silly audit   'get-east-asian-width': [ '1.4.0' ],
1755 silly audit   'get-own-enumerable-keys': [ '1.0.0' ],
1755 silly audit   'is-obj': [ '3.0.0' ],
1755 silly audit   'is-regexp': [ '3.1.0' ],
1755 silly audit   'ansi-regex': [ '6.2.2', '5.0.1' ],
1755 silly audit   'is-number': [ '7.0.0' ],
1755 silly audit   tldts: [ '7.0.14' ],
1755 silly audit   'tldts-core': [ '7.0.14' ],
1755 silly audit   '@ts-morph/common': [ '0.27.0' ],
1755 silly audit   'code-block-writer': [ '13.0.3' ],
1755 silly audit   minimatch: [ '10.0.3' ],
1755 silly audit   'path-browserify': [ '1.0.1' ],
1755 silly audit   '@isaacs/brace-expansion': [ '5.0.0' ],
1755 silly audit   '@isaacs/balanced-match': [ '4.0.1' ],
1755 silly audit   minimist: [ '1.2.8' ],
1755 silly audit   'strip-bom': [ '3.0.0' ],
1755 silly audit   'media-typer': [ '1.1.0' ],
1755 silly audit   escalade: [ '3.2.0' ],
1755 silly audit   punycode: [ '2.3.1' ],
1755 silly audit   isexe: [ '3.1.1', '2.0.0' ],
1755 silly audit   'ansi-styles': [ '4.3.0' ],
1755 silly audit   'color-convert': [ '2.0.1' ],
1755 silly audit   'color-name': [ '1.1.4' ],
1755 silly audit   cliui: [ '8.0.1' ],
1755 silly audit   'get-caller-file': [ '2.0.5' ],
1755 silly audit   'require-directory': [ '2.1.1' ],
1755 silly audit   y18n: [ '5.0.8' ],
1755 silly audit   'yargs-parser': [ '21.1.1' ],
1755 silly audit   'merge-stream': [ '2.0.0' ],
1755 silly audit   'mimic-fn': [ '2.1.0' ],
1755 silly audit   'is-fullwidth-code-point': [ '3.0.0' ]
1755 silly audit }
1756 silly tarball no local data for y18n@https://registry.npmjs.org/y18n/-/y18n-5.0.8.tgz. Extracting by manifest.
1757 silly tarball no local data for mimic-fn@https://registry.npmjs.org/mimic-fn/-/mimic-fn-2.1.0.tgz. Extracting by manifest.
1758 silly tarball no local data for require-directory@https://registry.npmjs.org/require-directory/-/require-directory-2.1.1.tgz. Extracting by manifest.
1759 silly tarball no local data for yargs-parser@https://registry.npmjs.org/yargs-parser/-/yargs-parser-21.1.1.tgz. Extracting by manifest.
1760 silly tarball no local data for merge-stream@https://registry.npmjs.org/merge-stream/-/merge-stream-2.0.0.tgz. Extracting by manifest.
1761 silly tarball no local data for is-fullwidth-code-point@https://registry.npmjs.org/is-fullwidth-code-point/-/is-fullwidth-code-point-3.0.0.tgz. Extracting by manifest.
1762 silly tarball no local data for color-convert@https://registry.npmjs.org/color-convert/-/color-convert-2.0.1.tgz. Extracting by manifest.
1763 silly tarball no local data for cliui@https://registry.npmjs.org/cliui/-/cliui-8.0.1.tgz. Extracting by manifest.
1764 silly tarball no local data for get-caller-file@https://registry.npmjs.org/get-caller-file/-/get-caller-file-2.0.5.tgz. Extracting by manifest.
1765 silly tarball no local data for color-name@https://registry.npmjs.org/color-name/-/color-name-1.1.4.tgz. Extracting by manifest.
1766 silly tarball no local data for ansi-styles@https://registry.npmjs.org/ansi-styles/-/ansi-styles-4.3.0.tgz. Extracting by manifest.
1767 silly tarball no local data for isexe@https://registry.npmjs.org/isexe/-/isexe-3.1.1.tgz. Extracting by manifest.
1768 silly tarball no local data for escalade@https://registry.npmjs.org/escalade/-/escalade-3.2.0.tgz. Extracting by manifest.
1769 silly tarball no local data for minimist@https://registry.npmjs.org/minimist/-/minimist-1.2.8.tgz. Extracting by manifest.
1770 silly tarball no local data for punycode@https://registry.npmjs.org/punycode/-/punycode-2.3.1.tgz. Extracting by manifest.
1771 silly tarball no local data for @isaacs/balanced-match@https://registry.npmjs.org/@isaacs/balanced-match/-/balanced-match-4.0.1.tgz. Extracting by manifest.
1772 silly tarball no local data for minimatch@https://registry.npmjs.org/minimatch/-/minimatch-10.0.3.tgz. Extracting by manifest.
1773 silly tarball no local data for media-typer@https://registry.npmjs.org/media-typer/-/media-typer-1.1.0.tgz. Extracting by manifest.
1774 silly tarball no local data for strip-bom@https://registry.npmjs.org/strip-bom/-/strip-bom-3.0.0.tgz. Extracting by manifest.
1775 silly tarball no local data for @isaacs/brace-expansion@https://registry.npmjs.org/@isaacs/brace-expansion/-/brace-expansion-5.0.0.tgz. Extracting by manifest.
1776 silly tarball no local data for path-browserify@https://registry.npmjs.org/path-browserify/-/path-browserify-1.0.1.tgz. Extracting by manifest.
1777 silly tarball no local data for tldts-core@https://registry.npmjs.org/tldts-core/-/tldts-core-7.0.14.tgz. Extracting by manifest.
1778 silly tarball no local data for code-block-writer@https://registry.npmjs.org/code-block-writer/-/code-block-writer-13.0.3.tgz. Extracting by manifest.
1779 silly tarball no local data for tldts@https://registry.npmjs.org/tldts/-/tldts-7.0.14.tgz. Extracting by manifest.
1780 silly tarball no local data for ansi-regex@https://registry.npmjs.org/ansi-regex/-/ansi-regex-6.2.2.tgz. Extracting by manifest.
1781 silly tarball no local data for is-regexp@https://registry.npmjs.org/is-regexp/-/is-regexp-3.1.0.tgz. Extracting by manifest.
1782 silly tarball no local data for emoji-regex@https://registry.npmjs.org/emoji-regex/-/emoji-regex-10.5.0.tgz. Extracting by manifest.
1783 silly tarball no local data for is-obj@https://registry.npmjs.org/is-obj/-/is-obj-3.0.0.tgz. Extracting by manifest.
1784 silly tarball no local data for get-east-asian-width@https://registry.npmjs.org/get-east-asian-width/-/get-east-asian-width-1.4.0.tgz. Extracting by manifest.
1785 silly tarball no local data for dunder-proto@https://registry.npmjs.org/dunder-proto/-/dunder-proto-1.0.1.tgz. Extracting by manifest.
1786 silly tarball no local data for math-intrinsics@https://registry.npmjs.org/math-intrinsics/-/math-intrinsics-1.1.0.tgz. Extracting by manifest.
1787 silly tarball no local data for is-number@https://registry.npmjs.org/is-number/-/is-number-7.0.0.tgz. Extracting by manifest.
1788 silly tarball no local data for get-own-enumerable-keys@https://registry.npmjs.org/get-own-enumerable-keys/-/get-own-enumerable-keys-1.0.0.tgz. Extracting by manifest.
1789 silly tarball no local data for @ts-morph/common@https://registry.npmjs.org/@ts-morph/common/-/common-0.27.0.tgz. Extracting by manifest.
1790 silly tarball no local data for hasown@https://registry.npmjs.org/hasown/-/hasown-2.0.2.tgz. Extracting by manifest.
1791 silly tarball no local data for gopd@https://registry.npmjs.org/gopd/-/gopd-1.2.0.tgz. Extracting by manifest.
1792 silly tarball no local data for has-symbols@https://registry.npmjs.org/has-symbols/-/has-symbols-1.1.0.tgz. Extracting by manifest.
1793 silly tarball no local data for get-proto@https://registry.npmjs.org/get-proto/-/get-proto-1.0.1.tgz. Extracting by manifest.
1794 silly tarball no local data for call-bind-apply-helpers@https://registry.npmjs.org/call-bind-apply-helpers/-/call-bind-apply-helpers-1.0.2.tgz. Extracting by manifest.
1795 silly tarball no local data for es-object-atoms@https://registry.npmjs.org/es-object-atoms/-/es-object-atoms-1.1.1.tgz. Extracting by manifest.
1796 silly tarball no local data for function-bind@https://registry.npmjs.org/function-bind/-/function-bind-1.1.2.tgz. Extracting by manifest.
1797 silly tarball no local data for es-define-property@https://registry.npmjs.org/es-define-property/-/es-define-property-1.0.1.tgz. Extracting by manifest.
1798 silly tarball no local data for side-channel-weakmap@https://registry.npmjs.org/side-channel-weakmap/-/side-channel-weakmap-1.0.2.tgz. Extracting by manifest.
1799 silly tarball no local data for call-bound@https://registry.npmjs.org/call-bound/-/call-bound-1.0.4.tgz. Extracting by manifest.
1800 silly tarball no local data for side-channel-list@https://registry.npmjs.org/side-channel-list/-/side-channel-list-1.0.0.tgz. Extracting by manifest.
1801 silly tarball no local data for side-channel-map@https://registry.npmjs.org/side-channel-map/-/side-channel-map-1.0.1.tgz. Extracting by manifest.
1802 silly tarball no local data for object-inspect@https://registry.npmjs.org/object-inspect/-/object-inspect-1.13.4.tgz. Extracting by manifest.
1803 silly tarball no local data for queue-microtask@https://registry.npmjs.org/queue-microtask/-/queue-microtask-1.2.3.tgz. Extracting by manifest.
1804 silly tarball no local data for es-errors@https://registry.npmjs.org/es-errors/-/es-errors-1.3.0.tgz. Extracting by manifest.
1805 silly tarball no local data for shebang-regex@https://registry.npmjs.org/shebang-regex/-/shebang-regex-3.0.0.tgz. Extracting by manifest.
1806 silly tarball no local data for is-promise@https://registry.npmjs.org/is-promise/-/is-promise-4.0.0.tgz. Extracting by manifest.
1807 silly tarball no local data for get-intrinsic@https://registry.npmjs.org/get-intrinsic/-/get-intrinsic-1.3.0.tgz. Extracting by manifest.
1808 silly tarball no local data for onetime@https://registry.npmjs.org/onetime/-/onetime-7.0.0.tgz. Extracting by manifest.
1809 silly tarball no local data for tiny-invariant@https://registry.npmjs.org/tiny-invariant/-/tiny-invariant-1.3.3.tgz. Extracting by manifest.
1810 silly tarball no local data for source-map@https://registry.npmjs.org/source-map/-/source-map-0.6.1.tgz. Extracting by manifest.
1811 silly tarball no local data for mimic-function@https://registry.npmjs.org/mimic-function/-/mimic-function-5.0.1.tgz. Extracting by manifest.
1812 silly tarball no local data for side-channel@https://registry.npmjs.org/side-channel/-/side-channel-1.1.0.tgz. Extracting by manifest.
1813 silly tarball no local data for esprima@https://registry.npmjs.org/esprima/-/esprima-4.0.1.tgz. Extracting by manifest.
1814 silly tarball no local data for unpipe@https://registry.npmjs.org/unpipe/-/unpipe-1.0.0.tgz. Extracting by manifest.
1815 silly tarball no local data for ast-types@https://registry.npmjs.org/ast-types/-/ast-types-0.16.1.tgz. Extracting by manifest.
1816 silly tarball no local data for tslib@https://registry.npmjs.org/tslib/-/tslib-2.8.1.tgz. Extracting by manifest.
1817 silly tarball no local data for forwarded@https://registry.npmjs.org/forwarded/-/forwarded-0.2.0.tgz. Extracting by manifest.
1818 silly tarball no local data for sisteransi@https://registry.npmjs.org/sisteransi/-/sisteransi-1.0.5.tgz. Extracting by manifest.
1819 silly tarball no local data for ipaddr.js@https://registry.npmjs.org/ipaddr.js/-/ipaddr.js-1.9.1.tgz. Extracting by manifest.
1820 silly tarball no local data for source-map-js@https://registry.npmjs.org/source-map-js/-/source-map-js-1.2.1.tgz. Extracting by manifest.
1821 silly tarball no local data for nanoid@https://registry.npmjs.org/nanoid/-/nanoid-3.3.11.tgz. Extracting by manifest.
1822 silly tarball no local data for is-arrayish@https://registry.npmjs.org/is-arrayish/-/is-arrayish-0.2.1.tgz. Extracting by manifest.
1823 silly tarball no local data for parse-ms@https://registry.npmjs.org/parse-ms/-/parse-ms-4.0.0.tgz. Extracting by manifest.
1824 silly tarball no local data for lines-and-columns@https://registry.npmjs.org/lines-and-columns/-/lines-and-columns-1.2.4.tgz. Extracting by manifest.
1825 silly tarball no local data for json-parse-even-better-errors@https://registry.npmjs.org/json-parse-even-better-errors/-/json-parse-even-better-errors-2.3.1.tgz. Extracting by manifest.
1826 silly tarball no local data for error-ex@https://registry.npmjs.org/error-ex/-/error-ex-1.3.2.tgz. Extracting by manifest.
1827 silly tarball no local data for callsites@https://registry.npmjs.org/callsites/-/callsites-3.1.0.tgz. Extracting by manifest.
1828 silly tarball no local data for restore-cursor@https://registry.npmjs.org/restore-cursor/-/restore-cursor-5.1.0.tgz. Extracting by manifest.
1829 silly tarball no local data for string-width@https://registry.npmjs.org/string-width/-/string-width-7.2.0.tgz. Extracting by manifest.
1830 silly tarball no local data for strip-ansi@https://registry.npmjs.org/strip-ansi/-/strip-ansi-7.1.2.tgz. Extracting by manifest.
1831 silly tarball no local data for stdin-discarder@https://registry.npmjs.org/stdin-discarder/-/stdin-discarder-0.2.2.tgz. Extracting by manifest.
1832 silly tarball no local data for is-interactive@https://registry.npmjs.org/is-interactive/-/is-interactive-2.0.0.tgz. Extracting by manifest.
1833 silly tarball no local data for cli-spinners@https://registry.npmjs.org/cli-spinners/-/cli-spinners-2.9.2.tgz. Extracting by manifest.
1834 silly tarball no local data for cli-cursor@https://registry.npmjs.org/cli-cursor/-/cli-cursor-5.0.0.tgz. Extracting by manifest.
1835 silly tarball no local data for chalk@https://registry.npmjs.org/chalk/-/chalk-5.6.2.tgz. Extracting by manifest.
1836 silly tarball no local data for log-symbols@https://registry.npmjs.org/log-symbols/-/log-symbols-6.0.0.tgz. Extracting by manifest.
1837 silly tarball no local data for wrappy@https://registry.npmjs.org/wrappy/-/wrappy-1.0.2.tgz. Extracting by manifest.
1838 silly tarball no local data for ee-first@https://registry.npmjs.org/ee-first/-/ee-first-1.1.1.tgz. Extracting by manifest.
1839 silly tarball no local data for unicorn-magic@https://registry.npmjs.org/unicorn-magic/-/unicorn-magic-0.3.0.tgz. Extracting by manifest.
1840 silly tarball no local data for web-streams-polyfill@https://registry.npmjs.org/web-streams-polyfill/-/web-streams-polyfill-3.3.3.tgz. Extracting by manifest.
1841 silly tarball no local data for node-domexception@https://registry.npmjs.org/node-domexception/-/node-domexception-1.0.0.tgz. Extracting by manifest.
1842 silly tarball no local data for formdata-polyfill@https://registry.npmjs.org/formdata-polyfill/-/formdata-polyfill-4.0.10.tgz. Extracting by manifest.
1843 silly tarball no local data for fetch-blob@https://registry.npmjs.org/fetch-blob/-/fetch-blob-3.2.0.tgz. Extracting by manifest.
1844 silly tarball no local data for data-uri-to-buffer@https://registry.npmjs.org/data-uri-to-buffer/-/data-uri-to-buffer-4.0.1.tgz. Extracting by manifest.
1845 silly tarball no local data for @open-draft/logger@https://registry.npmjs.org/@open-draft/logger/-/logger-0.3.0.tgz. Extracting by manifest.
1846 silly tarball no local data for yoctocolors-cjs@https://registry.npmjs.org/yoctocolors-cjs/-/yoctocolors-cjs-2.1.3.tgz. Extracting by manifest.
1847 silly tarball no local data for wrap-ansi@https://registry.npmjs.org/wrap-ansi/-/wrap-ansi-6.2.0.tgz. Extracting by manifest.
1848 silly tarball no local data for mute-stream@https://registry.npmjs.org/mute-stream/-/mute-stream-2.0.0.tgz. Extracting by manifest.
1849 silly tarball no local data for ansi-escapes@https://registry.npmjs.org/ansi-escapes/-/ansi-escapes-4.3.2.tgz. Extracting by manifest.
1850 silly tarball no local data for cli-width@https://registry.npmjs.org/cli-width/-/cli-width-4.1.0.tgz. Extracting by manifest.
1851 silly tarball no local data for @inquirer/figures@https://registry.npmjs.org/@inquirer/figures/-/figures-1.0.13.tgz. Extracting by manifest.
1852 silly tarball no local data for @inquirer/core@https://registry.npmjs.org/@inquirer/core/-/core-10.2.0.tgz. Extracting by manifest.
1853 silly tarball no local data for yargs@https://registry.npmjs.org/yargs/-/yargs-17.7.2.tgz. Extracting by manifest.
1854 silly tarball no local data for @inquirer/type@https://registry.npmjs.org/@inquirer/type/-/type-3.0.8.tgz. Extracting by manifest.
1855 silly tarball no local data for tough-cookie@https://registry.npmjs.org/tough-cookie/-/tough-cookie-6.0.0.tgz. Extracting by manifest.
1856 silly tarball no local data for type-fest@https://registry.npmjs.org/type-fest/-/type-fest-4.41.0.tgz. Extracting by manifest.
1857 silly tarball no local data for strict-event-emitter@https://registry.npmjs.org/strict-event-emitter/-/strict-event-emitter-0.5.1.tgz. Extracting by manifest.
1858 silly tarball no local data for path-to-regexp@https://registry.npmjs.org/path-to-regexp/-/path-to-regexp-6.3.0.tgz. Extracting by manifest.
1859 silly tarball no local data for rettime@https://registry.npmjs.org/rettime/-/rettime-0.7.0.tgz. Extracting by manifest.
1860 silly tarball no local data for outvariant@https://registry.npmjs.org/outvariant/-/outvariant-1.4.3.tgz. Extracting by manifest.
1861 silly tarball no local data for is-node-process@https://registry.npmjs.org/is-node-process/-/is-node-process-1.2.0.tgz. Extracting by manifest.
1862 silly tarball no local data for graphql@https://registry.npmjs.org/graphql/-/graphql-16.11.0.tgz. Extracting by manifest.
1863 silly tarball no local data for headers-polyfill@https://registry.npmjs.org/headers-polyfill/-/headers-polyfill-4.0.3.tgz. Extracting by manifest.
1864 silly tarball no local data for @open-draft/until@https://registry.npmjs.org/@open-draft/until/-/until-2.1.0.tgz. Extracting by manifest.
1865 silly tarball no local data for @types/cookie@https://registry.npmjs.org/@types/cookie/-/cookie-0.6.0.tgz. Extracting by manifest.
1866 silly tarball no local data for @open-draft/deferred-promise@https://registry.npmjs.org/@open-draft/deferred-promise/-/deferred-promise-2.2.0.tgz. Extracting by manifest.
1867 silly tarball no local data for @types/statuses@https://registry.npmjs.org/@types/statuses/-/statuses-2.0.6.tgz. Extracting by manifest.
1868 silly tarball no local data for @mswjs/interceptors@https://registry.npmjs.org/@mswjs/interceptors/-/interceptors-0.39.6.tgz. Extracting by manifest.
1869 silly tarball no local data for @inquirer/confirm@https://registry.npmjs.org/@inquirer/confirm/-/confirm-5.1.16.tgz. Extracting by manifest.
1870 silly tarball no local data for @bundled-es-modules/statuses@https://registry.npmjs.org/@bundled-es-modules/statuses/-/statuses-1.0.1.tgz. Extracting by manifest.
1871 silly tarball no local data for mime-db@https://registry.npmjs.org/mime-db/-/mime-db-1.54.0.tgz. Extracting by manifest.
1872 silly tarball no local data for @bundled-es-modules/cookie@https://registry.npmjs.org/@bundled-es-modules/cookie/-/cookie-2.0.1.tgz. Extracting by manifest.
1873 silly tarball no local data for to-regex-range@https://registry.npmjs.org/to-regex-range/-/to-regex-range-5.0.1.tgz. Extracting by manifest.
1874 silly tarball no local data for braces@https://registry.npmjs.org/braces/-/braces-3.0.3.tgz. Extracting by manifest.
1875 silly tarball no local data for fill-range@https://registry.npmjs.org/fill-range/-/fill-range-7.1.1.tgz. Extracting by manifest.
1876 silly tarball no local data for argparse@https://registry.npmjs.org/argparse/-/argparse-2.0.1.tgz. Extracting by manifest.
1877 silly tarball no local data for yallist@https://registry.npmjs.org/yallist/-/yallist-3.1.1.tgz. Extracting by manifest.
1878 silly tarball no local data for resolve-from@https://registry.npmjs.org/resolve-from/-/resolve-from-4.0.0.tgz. Extracting by manifest.
1879 silly tarball no local data for is-extglob@https://registry.npmjs.org/is-extglob/-/is-extglob-2.1.1.tgz. Extracting by manifest.
1880 silly tarball no local data for safer-buffer@https://registry.npmjs.org/safer-buffer/-/safer-buffer-2.1.2.tgz. Extracting by manifest.
1881 silly tarball no local data for agent-base@https://registry.npmjs.org/agent-base/-/agent-base-7.1.4.tgz. Extracting by manifest.
1882 silly tarball no local data for parent-module@https://registry.npmjs.org/parent-module/-/parent-module-1.0.1.tgz. Extracting by manifest.
1883 silly tarball no local data for setprototypeof@https://registry.npmjs.org/setprototypeof/-/setprototypeof-1.2.0.tgz. Extracting by manifest.
1884 silly tarball no local data for inherits@https://registry.npmjs.org/inherits/-/inherits-2.0.4.tgz. Extracting by manifest.
1885 silly tarball no local data for depd@https://registry.npmjs.org/depd/-/depd-2.0.0.tgz. Extracting by manifest.
1886 silly tarball no local data for toidentifier@https://registry.npmjs.org/toidentifier/-/toidentifier-1.0.1.tgz. Extracting by manifest.
1887 silly tarball no local data for is-glob@https://registry.npmjs.org/is-glob/-/is-glob-4.0.3.tgz. Extracting by manifest.
1888 silly tarball no local data for @sec-ant/readable-stream@https://registry.npmjs.org/@sec-ant/readable-stream/-/readable-stream-0.4.1.tgz. Extracting by manifest.
1889 silly tarball no local data for universalify@https://registry.npmjs.org/universalify/-/universalify-2.0.1.tgz. Extracting by manifest.
1890 silly tarball no local data for jsonfile@https://registry.npmjs.org/jsonfile/-/jsonfile-6.2.0.tgz. Extracting by manifest.
1891 silly tarball no local data for graceful-fs@https://registry.npmjs.org/graceful-fs/-/graceful-fs-4.2.11.tgz. Extracting by manifest.
1892 silly tarball no local data for is-unicode-supported@https://registry.npmjs.org/is-unicode-supported/-/is-unicode-supported-2.1.0.tgz. Extracting by manifest.
1893 silly tarball no local data for reusify@https://registry.npmjs.org/reusify/-/reusify-1.1.0.tgz. Extracting by manifest.
1894 silly tarball no local data for run-parallel@https://registry.npmjs.org/run-parallel/-/run-parallel-1.2.0.tgz. Extracting by manifest.
1895 silly tarball no local data for fastq@https://registry.npmjs.org/fastq/-/fastq-1.19.1.tgz. Extracting by manifest.
1896 silly tarball no local data for micromatch@https://registry.npmjs.org/micromatch/-/micromatch-4.0.8.tgz. Extracting by manifest.
1897 silly tarball no local data for merge2@https://registry.npmjs.org/merge2/-/merge2-1.4.1.tgz. Extracting by manifest.
1898 silly tarball no local data for @nodelib/fs.scandir@https://registry.npmjs.org/@nodelib/fs.scandir/-/fs.scandir-2.1.5.tgz. Extracting by manifest.
1899 silly tarball no local data for glob-parent@https://registry.npmjs.org/glob-parent/-/glob-parent-5.1.2.tgz. Extracting by manifest.
1900 silly tarball no local data for @nodelib/fs.walk@https://registry.npmjs.org/@nodelib/fs.walk/-/fs.walk-1.2.8.tgz. Extracting by manifest.
1901 silly tarball no local data for safe-buffer@https://registry.npmjs.org/safe-buffer/-/safe-buffer-5.2.1.tgz. Extracting by manifest.
1902 silly tarball no local data for iconv-lite@https://registry.npmjs.org/iconv-lite/-/iconv-lite-0.6.3.tgz. Extracting by manifest.
1903 silly tarball no local data for @nodelib/fs.stat@https://registry.npmjs.org/@nodelib/fs.stat/-/fs.stat-2.0.5.tgz. Extracting by manifest.
1904 silly tarball no local data for bytes@https://registry.npmjs.org/bytes/-/bytes-3.1.2.tgz. Extracting by manifest.
1905 silly tarball no local data for type-is@https://registry.npmjs.org/type-is/-/type-is-2.0.1.tgz. Extracting by manifest.
1906 silly tarball no local data for negotiator@https://registry.npmjs.org/negotiator/-/negotiator-1.0.0.tgz. Extracting by manifest.
1907 silly tarball no local data for statuses@https://registry.npmjs.org/statuses/-/statuses-2.0.2.tgz. Extracting by manifest.
1908 silly tarball no local data for serve-static@https://registry.npmjs.org/serve-static/-/serve-static-2.2.0.tgz. Extracting by manifest.
1909 silly tarball no local data for send@https://registry.npmjs.org/send/-/send-1.2.0.tgz. Extracting by manifest.
1910 silly tarball no local data for router@https://registry.npmjs.org/router/-/router-2.2.0.tgz. Extracting by manifest.
1911 silly tarball no local data for qs@https://registry.npmjs.org/qs/-/qs-6.14.0.tgz. Extracting by manifest.
1912 silly tarball no local data for proxy-addr@https://registry.npmjs.org/proxy-addr/-/proxy-addr-2.0.7.tgz. Extracting by manifest.
1913 silly tarball no local data for once@https://registry.npmjs.org/once/-/once-1.4.0.tgz. Extracting by manifest.
1914 silly tarball no local data for range-parser@https://registry.npmjs.org/range-parser/-/range-parser-1.2.1.tgz. Extracting by manifest.
1915 silly tarball no local data for parseurl@https://registry.npmjs.org/parseurl/-/parseurl-1.3.3.tgz. Extracting by manifest.
1916 silly tarball no local data for on-finished@https://registry.npmjs.org/on-finished/-/on-finished-2.4.1.tgz. Extracting by manifest.
1917 silly tarball no local data for mime-types@https://registry.npmjs.org/mime-types/-/mime-types-3.0.1.tgz. Extracting by manifest.
1918 silly tarball no local data for merge-descriptors@https://registry.npmjs.org/merge-descriptors/-/merge-descriptors-2.0.0.tgz. Extracting by manifest.
1919 silly tarball no local data for http-errors@https://registry.npmjs.org/http-errors/-/http-errors-2.0.0.tgz. Extracting by manifest.
1920 silly tarball no local data for fresh@https://registry.npmjs.org/fresh/-/fresh-2.0.0.tgz. Extracting by manifest.
1921 silly tarball no local data for finalhandler@https://registry.npmjs.org/finalhandler/-/finalhandler-2.1.0.tgz. Extracting by manifest.
1922 silly tarball no local data for etag@https://registry.npmjs.org/etag/-/etag-1.8.1.tgz. Extracting by manifest.
1923 silly tarball no local data for escape-html@https://registry.npmjs.org/escape-html/-/escape-html-1.0.3.tgz. Extracting by manifest.
1924 silly tarball no local data for encodeurl@https://registry.npmjs.org/encodeurl/-/encodeurl-2.0.0.tgz. Extracting by manifest.
1925 silly tarball no local data for cookie-signature@https://registry.npmjs.org/cookie-signature/-/cookie-signature-1.2.2.tgz. Extracting by manifest.
1926 silly tarball no local data for content-disposition@https://registry.npmjs.org/content-disposition/-/content-disposition-1.0.0.tgz. Extracting by manifest.
1927 silly tarball no local data for cookie@https://registry.npmjs.org/cookie/-/cookie-0.7.2.tgz. Extracting by manifest.
1928 silly tarball no local data for body-parser@https://registry.npmjs.org/body-parser/-/body-parser-2.2.0.tgz. Extracting by manifest.
1929 silly tarball no local data for accepts@https://registry.npmjs.org/accepts/-/accepts-2.0.0.tgz. Extracting by manifest.
1930 silly tarball no local data for yoctocolors@https://registry.npmjs.org/yoctocolors/-/yoctocolors-2.1.2.tgz. Extracting by manifest.
1931 silly tarball no local data for strip-final-newline@https://registry.npmjs.org/strip-final-newline/-/strip-final-newline-4.0.0.tgz. Extracting by manifest.
1932 silly tarball no local data for signal-exit@https://registry.npmjs.org/signal-exit/-/signal-exit-4.1.0.tgz. Extracting by manifest.
1933 silly tarball no local data for npm-run-path@https://registry.npmjs.org/npm-run-path/-/npm-run-path-6.0.0.tgz. Extracting by manifest.
1934 silly tarball no local data for is-stream@https://registry.npmjs.org/is-stream/-/is-stream-4.0.1.tgz. Extracting by manifest.
1935 silly tarball no local data for is-plain-obj@https://registry.npmjs.org/is-plain-obj/-/is-plain-obj-4.1.0.tgz. Extracting by manifest.
1936 silly tarball no local data for pretty-ms@https://registry.npmjs.org/pretty-ms/-/pretty-ms-9.2.0.tgz. Extracting by manifest.
1937 silly tarball no local data for human-signals@https://registry.npmjs.org/human-signals/-/human-signals-8.0.1.tgz. Extracting by manifest.
1938 silly tarball no local data for figures@https://registry.npmjs.org/figures/-/figures-6.1.0.tgz. Extracting by manifest.
1939 silly tarball no local data for @sindresorhus/merge-streams@https://registry.npmjs.org/@sindresorhus/merge-streams/-/merge-streams-4.0.0.tgz. Extracting by manifest.
1940 silly tarball no local data for @noble/hashes@https://registry.npmjs.org/@noble/hashes/-/hashes-1.8.0.tgz. Extracting by manifest.
1941 silly tarball no local data for @noble/curves@https://registry.npmjs.org/@noble/curves/-/curves-1.9.7.tgz. Extracting by manifest.
1942 silly tarball no local data for @noble/ciphers@https://registry.npmjs.org/@noble/ciphers/-/ciphers-1.3.0.tgz. Extracting by manifest.
1943 silly tarball no local data for @ecies/ciphers@https://registry.npmjs.org/@ecies/ciphers/-/ciphers-0.2.4.tgz. Extracting by manifest.
1944 silly tarball no local data for get-stream@https://registry.npmjs.org/get-stream/-/get-stream-9.0.1.tgz. Extracting by manifest.
1945 silly tarball no local data for ms@https://registry.npmjs.org/ms/-/ms-2.1.3.tgz. Extracting by manifest.
1946 silly tarball no local data for shebang-command@https://registry.npmjs.org/shebang-command/-/shebang-command-2.0.0.tgz. Extracting by manifest.
1947 silly tarball no local data for path-key@https://registry.npmjs.org/path-key/-/path-key-3.1.1.tgz. Extracting by manifest.
1948 silly tarball no local data for parse-json@https://registry.npmjs.org/parse-json/-/parse-json-5.2.0.tgz. Extracting by manifest.
1949 silly tarball no local data for vary@https://registry.npmjs.org/vary/-/vary-1.1.2.tgz. Extracting by manifest.
1950 silly tarball no local data for object-assign@https://registry.npmjs.org/object-assign/-/object-assign-4.1.1.tgz. Extracting by manifest.
1951 silly tarball no local data for env-paths@https://registry.npmjs.org/env-paths/-/env-paths-2.2.1.tgz. Extracting by manifest.
1952 silly tarball no local data for import-fresh@https://registry.npmjs.org/import-fresh/-/import-fresh-3.3.1.tgz. Extracting by manifest.
1953 silly tarball no local data for update-browserslist-db@https://registry.npmjs.org/update-browserslist-db/-/update-browserslist-db-1.1.3.tgz. Extracting by manifest.
1954 silly tarball no local data for electron-to-chromium@https://registry.npmjs.org/electron-to-chromium/-/electron-to-chromium-1.5.218.tgz. Extracting by manifest.
1955 silly tarball no local data for js-yaml@https://registry.npmjs.org/js-yaml/-/js-yaml-4.1.0.tgz. Extracting by manifest.
1956 silly tarball no local data for caniuse-lite@https://registry.npmjs.org/caniuse-lite/-/caniuse-lite-1.0.30001741.tgz. Extracting by manifest.
1957 silly tarball no local data for node-releases@https://registry.npmjs.org/node-releases/-/node-releases-2.0.21.tgz. Extracting by manifest.
1958 silly tarball no local data for baseline-browser-mapping@https://registry.npmjs.org/baseline-browser-mapping/-/baseline-browser-mapping-2.8.2.tgz. Extracting by manifest.
1959 silly tarball no local data for uri-js@https://registry.npmjs.org/uri-js/-/uri-js-4.4.1.tgz. Extracting by manifest.
1960 silly tarball no local data for json-schema-traverse@https://registry.npmjs.org/json-schema-traverse/-/json-schema-traverse-0.4.1.tgz. Extracting by manifest.
1961 silly tarball no local data for fast-json-stable-stringify@https://registry.npmjs.org/fast-json-stable-stringify/-/fast-json-stable-stringify-2.1.0.tgz. Extracting by manifest.
1962 silly tarball no local data for raw-body@https://registry.npmjs.org/raw-body/-/raw-body-3.0.1.tgz. Extracting by manifest.
1963 silly tarball no local data for fast-deep-equal@https://registry.npmjs.org/fast-deep-equal/-/fast-deep-equal-3.1.3.tgz. Extracting by manifest.
1964 silly tarball no local data for express-rate-limit@https://registry.npmjs.org/express-rate-limit/-/express-rate-limit-7.5.1.tgz. Extracting by manifest.
1965 silly tarball no local data for pkce-challenge@https://registry.npmjs.org/pkce-challenge/-/pkce-challenge-5.0.0.tgz. Extracting by manifest.
1966 silly tarball no local data for eventsource-parser@https://registry.npmjs.org/eventsource-parser/-/eventsource-parser-3.0.6.tgz. Extracting by manifest.
1967 silly tarball no local data for express@https://registry.npmjs.org/express/-/express-5.1.0.tgz. Extracting by manifest.
1968 silly tarball no local data for eventsource@https://registry.npmjs.org/eventsource/-/eventsource-3.0.7.tgz. Extracting by manifest.
1969 silly tarball no local data for cross-spawn@https://registry.npmjs.org/cross-spawn/-/cross-spawn-7.0.6.tgz. Extracting by manifest.
1970 silly tarball no local data for cors@https://registry.npmjs.org/cors/-/cors-2.8.5.tgz. Extracting by manifest.
1971 silly tarball no local data for content-type@https://registry.npmjs.org/content-type/-/content-type-1.0.5.tgz. Extracting by manifest.
1972 silly tarball no local data for ajv@https://registry.npmjs.org/ajv/-/ajv-6.12.6.tgz. Extracting by manifest.
1973 silly tarball no local data for @jridgewell/resolve-uri@https://registry.npmjs.org/@jridgewell/resolve-uri/-/resolve-uri-3.1.2.tgz. Extracting by manifest.
1974 silly tarball no local data for object-treeify@https://registry.npmjs.org/object-treeify/-/object-treeify-1.1.33.tgz. Extracting by manifest.
1975 silly tarball no local data for ignore@https://registry.npmjs.org/ignore/-/ignore-5.3.2.tgz. Extracting by manifest.
1976 silly tarball no local data for fdir@https://registry.npmjs.org/fdir/-/fdir-6.5.0.tgz. Extracting by manifest.
1977 silly tarball no local data for @jridgewell/sourcemap-codec@https://registry.npmjs.org/@jridgewell/sourcemap-codec/-/sourcemap-codec-1.5.5.tgz. Extracting by manifest.
1978 silly tarball no local data for dotenv@https://registry.npmjs.org/dotenv/-/dotenv-17.2.2.tgz. Extracting by manifest.
1979 silly tarball no local data for eciesjs@https://registry.npmjs.org/eciesjs/-/eciesjs-0.4.15.tgz. Extracting by manifest.
1980 silly tarball no local data for @babel/helper-globals@https://registry.npmjs.org/@babel/helper-globals/-/helper-globals-7.28.0.tgz. Extracting by manifest.
1981 silly tarball no local data for @babel/helper-string-parser@https://registry.npmjs.org/@babel/helper-string-parser/-/helper-string-parser-7.27.1.tgz. Extracting by manifest.
1982 silly tarball no local data for @babel/helper-replace-supers@https://registry.npmjs.org/@babel/helper-replace-supers/-/helper-replace-supers-7.27.1.tgz. Extracting by manifest.
1983 silly tarball no local data for @babel/helper-optimise-call-expression@https://registry.npmjs.org/@babel/helper-optimise-call-expression/-/helper-optimise-call-expression-7.27.1.tgz. Extracting by manifest.
1984 silly tarball no local data for @babel/helper-skip-transparent-expression-wrappers@https://registry.npmjs.org/@babel/helper-skip-transparent-expression-wrappers/-/helper-skip-transparent-expression-wrappers-7.27.1.tgz. Extracting by manifest.
1985 silly tarball no local data for @babel/helper-member-expression-to-functions@https://registry.npmjs.org/@babel/helper-member-expression-to-functions/-/helper-member-expression-to-functions-7.27.1.tgz. Extracting by manifest.
1986 silly tarball no local data for @babel/plugin-syntax-typescript@https://registry.npmjs.org/@babel/plugin-syntax-typescript/-/plugin-syntax-typescript-7.27.1.tgz. Extracting by manifest.
1987 silly tarball no local data for @babel/helper-plugin-utils@https://registry.npmjs.org/@babel/helper-plugin-utils/-/helper-plugin-utils-7.27.1.tgz. Extracting by manifest.
1988 silly tarball no local data for @babel/helper-module-imports@https://registry.npmjs.org/@babel/helper-module-imports/-/helper-module-imports-7.27.1.tgz. Extracting by manifest.
1989 silly tarball no local data for @babel/helper-create-class-features-plugin@https://registry.npmjs.org/@babel/helper-create-class-features-plugin/-/helper-create-class-features-plugin-7.28.3.tgz. Extracting by manifest.
1990 silly tarball no local data for @babel/helper-annotate-as-pure@https://registry.npmjs.org/@babel/helper-annotate-as-pure/-/helper-annotate-as-pure-7.27.3.tgz. Extracting by manifest.
1991 silly tarball no local data for lru-cache@https://registry.npmjs.org/lru-cache/-/lru-cache-5.1.1.tgz. Extracting by manifest.
1992 silly tarball no local data for @babel/compat-data@https://registry.npmjs.org/@babel/compat-data/-/compat-data-7.28.4.tgz. Extracting by manifest.
1993 silly tarball no local data for @babel/helper-validator-option@https://registry.npmjs.org/@babel/helper-validator-option/-/helper-validator-option-7.27.1.tgz. Extracting by manifest.
1994 silly tarball no local data for browserslist@https://registry.npmjs.org/browserslist/-/browserslist-4.26.0.tgz. Extracting by manifest.
1995 silly tarball no local data for jsesc@https://registry.npmjs.org/jsesc/-/jsesc-3.1.0.tgz. Extracting by manifest.
1996 silly tarball no local data for picocolors@https://registry.npmjs.org/picocolors/-/picocolors-1.1.1.tgz. Extracting by manifest.
1997 silly tarball no local data for @jridgewell/trace-mapping@https://registry.npmjs.org/@jridgewell/trace-mapping/-/trace-mapping-0.3.31.tgz. Extracting by manifest.
1998 silly tarball no local data for js-tokens@https://registry.npmjs.org/js-tokens/-/js-tokens-4.0.0.tgz. Extracting by manifest.
1999 silly tarball no local data for @jridgewell/gen-mapping@https://registry.npmjs.org/@jridgewell/gen-mapping/-/gen-mapping-0.3.13.tgz. Extracting by manifest.
2000 silly tarball no local data for @babel/helper-validator-identifier@https://registry.npmjs.org/@babel/helper-validator-identifier/-/helper-validator-identifier-7.27.1.tgz. Extracting by manifest.
2001 silly tarball no local data for semver@https://registry.npmjs.org/semver/-/semver-6.3.1.tgz. Extracting by manifest.
2002 silly tarball no local data for gensync@https://registry.npmjs.org/gensync/-/gensync-1.0.0-beta.2.tgz. Extracting by manifest.
2003 silly tarball no local data for json5@https://registry.npmjs.org/json5/-/json5-2.2.3.tgz. Extracting by manifest.
2004 silly tarball no local data for convert-source-map@https://registry.npmjs.org/convert-source-map/-/convert-source-map-2.0.0.tgz. Extracting by manifest.
2005 silly tarball no local data for debug@https://registry.npmjs.org/debug/-/debug-4.4.1.tgz. Extracting by manifest.
2006 silly tarball no local data for @jridgewell/remapping@https://registry.npmjs.org/@jridgewell/remapping/-/remapping-2.3.5.tgz. Extracting by manifest.
2007 silly tarball no local data for @babel/traverse@https://registry.npmjs.org/@babel/traverse/-/traverse-7.28.4.tgz. Extracting by manifest.
2008 silly tarball no local data for @babel/template@https://registry.npmjs.org/@babel/template/-/template-7.27.2.tgz. Extracting by manifest.
2009 silly tarball no local data for @babel/types@https://registry.npmjs.org/@babel/types/-/types-7.28.4.tgz. Extracting by manifest.
2010 silly tarball no local data for picomatch@https://registry.npmjs.org/picomatch/-/picomatch-4.0.3.tgz. Extracting by manifest.
2011 silly tarball no local data for @babel/helpers@https://registry.npmjs.org/@babel/helpers/-/helpers-7.28.4.tgz. Extracting by manifest.
2012 silly tarball no local data for @babel/helper-compilation-targets@https://registry.npmjs.org/@babel/helper-compilation-targets/-/helper-compilation-targets-7.27.2.tgz. Extracting by manifest.
2013 silly tarball no local data for @babel/helper-module-transforms@https://registry.npmjs.org/@babel/helper-module-transforms/-/helper-module-transforms-7.28.3.tgz. Extracting by manifest.
2014 silly tarball no local data for @babel/code-frame@https://registry.npmjs.org/@babel/code-frame/-/code-frame-7.27.1.tgz. Extracting by manifest.
2015 silly tarball no local data for @babel/generator@https://registry.npmjs.org/@babel/generator/-/generator-7.28.3.tgz. Extracting by manifest.
2016 silly tarball no local data for tinyexec@https://registry.npmjs.org/tinyexec/-/tinyexec-1.0.1.tgz. Extracting by manifest.
2017 silly tarball no local data for package-manager-detector@https://registry.npmjs.org/package-manager-detector/-/package-manager-detector-1.3.0.tgz. Extracting by manifest.
2018 silly tarball no local data for fzf@https://registry.npmjs.org/fzf/-/fzf-0.5.2.tgz. Extracting by manifest.
2019 silly tarball no local data for ansis@https://registry.npmjs.org/ansis/-/ansis-4.1.0.tgz. Extracting by manifest.
2020 silly tarball no local data for zod-to-json-schema@https://registry.npmjs.org/zod-to-json-schema/-/zod-to-json-schema-3.24.6.tgz. Extracting by manifest.
2021 silly tarball no local data for zod@https://registry.npmjs.org/zod/-/zod-3.25.76.tgz. Extracting by manifest.
2022 silly tarball no local data for tsconfig-paths@https://registry.npmjs.org/tsconfig-paths/-/tsconfig-paths-4.2.0.tgz. Extracting by manifest.
2023 silly tarball no local data for ts-morph@https://registry.npmjs.org/ts-morph/-/ts-morph-26.0.0.tgz. Extracting by manifest.
2024 silly tarball no local data for prompts@https://registry.npmjs.org/prompts/-/prompts-2.4.2.tgz. Extracting by manifest.
2025 silly tarball no local data for recast@https://registry.npmjs.org/recast/-/recast-0.23.11.tgz. Extracting by manifest.
2026 silly tarball no local data for stringify-object@https://registry.npmjs.org/stringify-object/-/stringify-object-5.0.0.tgz. Extracting by manifest.
2027 silly tarball no local data for postcss@https://registry.npmjs.org/postcss/-/postcss-8.5.6.tgz. Extracting by manifest.
2028 silly tarball no local data for ora@https://registry.npmjs.org/ora/-/ora-8.2.0.tgz. Extracting by manifest.
2029 silly tarball no local data for node-fetch@https://registry.npmjs.org/node-fetch/-/node-fetch-3.3.2.tgz. Extracting by manifest.
2030 silly tarball no local data for kleur@https://registry.npmjs.org/kleur/-/kleur-4.1.5.tgz. Extracting by manifest.
2031 silly tarball no local data for msw@https://registry.npmjs.org/msw/-/msw-2.11.2.tgz. Extracting by manifest.
2032 silly tarball no local data for https-proxy-agent@https://registry.npmjs.org/https-proxy-agent/-/https-proxy-agent-7.0.6.tgz. Extracting by manifest.
2033 silly tarball no local data for fs-extra@https://registry.npmjs.org/fs-extra/-/fs-extra-11.3.1.tgz. Extracting by manifest.
2034 silly tarball no local data for fast-glob@https://registry.npmjs.org/fast-glob/-/fast-glob-3.3.3.tgz. Extracting by manifest.
2035 silly tarball no local data for fuzzysort@https://registry.npmjs.org/fuzzysort/-/fuzzysort-3.1.0.tgz. Extracting by manifest.
2036 silly tarball no local data for diff@https://registry.npmjs.org/diff/-/diff-8.0.2.tgz. Extracting by manifest.
2037 silly tarball no local data for execa@https://registry.npmjs.org/execa/-/execa-9.6.0.tgz. Extracting by manifest.
2038 silly tarball no local data for deepmerge@https://registry.npmjs.org/deepmerge/-/deepmerge-4.3.1.tgz. Extracting by manifest.
2039 silly tarball no local data for dedent@https://registry.npmjs.org/dedent/-/dedent-1.7.0.tgz. Extracting by manifest.
2040 silly tarball no local data for cosmiconfig@https://registry.npmjs.org/cosmiconfig/-/cosmiconfig-9.0.0.tgz. Extracting by manifest.
2041 silly tarball no local data for commander@https://registry.npmjs.org/commander/-/commander-14.0.1.tgz. Extracting by manifest.
2042 silly tarball no local data for @modelcontextprotocol/sdk@https://registry.npmjs.org/@modelcontextprotocol/sdk/-/sdk-1.18.0.tgz. Extracting by manifest.
2043 silly tarball no local data for @dotenvx/dotenvx@https://registry.npmjs.org/@dotenvx/dotenvx/-/dotenvx-1.49.0.tgz. Extracting by manifest.
2044 silly tarball no local data for @babel/plugin-transform-typescript@https://registry.npmjs.org/@babel/plugin-transform-typescript/-/plugin-transform-typescript-7.28.0.tgz. Extracting by manifest.
2045 silly tarball no local data for @babel/parser@https://registry.npmjs.org/@babel/parser/-/parser-7.28.4.tgz. Extracting by manifest.
2046 silly tarball no local data for @babel/core@https://registry.npmjs.org/@babel/core/-/core-7.28.4.tgz. Extracting by manifest.
2047 silly tarball no local data for @antfu/ni@https://registry.npmjs.org/@antfu/ni/-/ni-25.0.0.tgz. Extracting by manifest.
2048 silly tarball no local data for shadcn@https://registry.npmjs.org/shadcn/-/shadcn-3.2.1.tgz. Extracting by manifest.
2049 silly tarball no local data for ansi-regex@https://registry.npmjs.org/ansi-regex/-/ansi-regex-5.0.1.tgz. Extracting by manifest.
2050 silly tarball no local data for emoji-regex@https://registry.npmjs.org/emoji-regex/-/emoji-regex-8.0.0.tgz. Extracting by manifest.
2051 silly tarball no local data for strip-ansi@https://registry.npmjs.org/strip-ansi/-/strip-ansi-6.0.1.tgz. Extracting by manifest.
2052 silly tarball no local data for wrap-ansi@https://registry.npmjs.org/wrap-ansi/-/wrap-ansi-7.0.0.tgz. Extracting by manifest.
2053 silly tarball no local data for string-width@https://registry.npmjs.org/string-width/-/string-width-4.2.3.tgz. Extracting by manifest.
2054 silly tarball no local data for ansi-regex@https://registry.npmjs.org/ansi-regex/-/ansi-regex-5.0.1.tgz. Extracting by manifest.
2055 silly tarball no local data for emoji-regex@https://registry.npmjs.org/emoji-regex/-/emoji-regex-8.0.0.tgz. Extracting by manifest.
2056 silly tarball no local data for is-unicode-supported@https://registry.npmjs.org/is-unicode-supported/-/is-unicode-supported-1.3.0.tgz. Extracting by manifest.
2057 silly tarball no local data for strip-ansi@https://registry.npmjs.org/strip-ansi/-/strip-ansi-6.0.1.tgz. Extracting by manifest.
2058 silly tarball no local data for string-width@https://registry.npmjs.org/string-width/-/string-width-4.2.3.tgz. Extracting by manifest.
2059 silly tarball no local data for type-fest@https://registry.npmjs.org/type-fest/-/type-fest-0.21.3.tgz. Extracting by manifest.
2060 silly tarball no local data for ansi-regex@https://registry.npmjs.org/ansi-regex/-/ansi-regex-5.0.1.tgz. Extracting by manifest.
2061 silly tarball no local data for emoji-regex@https://registry.npmjs.org/emoji-regex/-/emoji-regex-8.0.0.tgz. Extracting by manifest.
2062 silly tarball no local data for strip-ansi@https://registry.npmjs.org/strip-ansi/-/strip-ansi-6.0.1.tgz. Extracting by manifest.
2063 silly tarball no local data for string-width@https://registry.npmjs.org/string-width/-/string-width-4.2.3.tgz. Extracting by manifest.
2064 silly tarball no local data for picomatch@https://registry.npmjs.org/picomatch/-/picomatch-2.3.1.tgz. Extracting by manifest.
2065 silly tarball no local data for statuses@https://registry.npmjs.org/statuses/-/statuses-2.0.1.tgz. Extracting by manifest.
2066 silly tarball no local data for path-to-regexp@https://registry.npmjs.org/path-to-regexp/-/path-to-regexp-8.3.0.tgz. Extracting by manifest.
2067 silly tarball no local data for path-key@https://registry.npmjs.org/path-key/-/path-key-4.0.0.tgz. Extracting by manifest.
2068 silly tarball no local data for iconv-lite@https://registry.npmjs.org/iconv-lite/-/iconv-lite-0.7.0.tgz. Extracting by manifest.
2069 silly tarball no local data for isexe@https://registry.npmjs.org/isexe/-/isexe-2.0.0.tgz. Extracting by manifest.
2070 silly tarball no local data for which@https://registry.npmjs.org/which/-/which-2.0.2.tgz. Extracting by manifest.
2071 silly tarball no local data for kleur@https://registry.npmjs.org/kleur/-/kleur-3.0.3.tgz. Extracting by manifest.
2072 silly tarball no local data for onetime@https://registry.npmjs.org/onetime/-/onetime-5.1.2.tgz. Extracting by manifest.
2073 silly tarball no local data for strip-final-newline@https://registry.npmjs.org/strip-final-newline/-/strip-final-newline-2.0.0.tgz. Extracting by manifest.
2074 silly tarball no local data for signal-exit@https://registry.npmjs.org/signal-exit/-/signal-exit-3.0.7.tgz. Extracting by manifest.
2075 silly tarball no local data for is-stream@https://registry.npmjs.org/is-stream/-/is-stream-2.0.1.tgz. Extracting by manifest.
2076 silly tarball no local data for npm-run-path@https://registry.npmjs.org/npm-run-path/-/npm-run-path-4.0.1.tgz. Extracting by manifest.
2077 silly tarball no local data for get-stream@https://registry.npmjs.org/get-stream/-/get-stream-6.0.1.tgz. Extracting by manifest.
2078 silly tarball no local data for human-signals@https://registry.npmjs.org/human-signals/-/human-signals-2.1.0.tgz. Extracting by manifest.
2079 silly tarball no local data for execa@https://registry.npmjs.org/execa/-/execa-5.1.1.tgz. Extracting by manifest.
2080 silly tarball no local data for commander@https://registry.npmjs.org/commander/-/commander-11.1.0.tgz. Extracting by manifest.
2081 silly tarball no local data for which@https://registry.npmjs.org/which/-/which-4.0.0.tgz. Extracting by manifest.
2082 http fetch GET 200 https://registry.npmjs.org/merge-stream/-/merge-stream-2.0.0.tgz 261ms (cache miss)
2083 http fetch GET 200 https://registry.npmjs.org/require-directory/-/require-directory-2.1.1.tgz 290ms (cache miss)
2084 http fetch GET 200 https://registry.npmjs.org/is-fullwidth-code-point/-/is-fullwidth-code-point-3.0.0.tgz 335ms (cache miss)
2085 http fetch POST 200 https://registry.npmjs.org/-/npm/v1/security/advisories/bulk 606ms
2086 silly audit report {}
2087 http fetch GET 200 https://registry.npmjs.org/@isaacs/balanced-match/-/balanced-match-4.0.1.tgz 581ms (cache miss)
2088 http fetch GET 200 https://registry.npmjs.org/mimic-fn/-/mimic-fn-2.1.0.tgz 613ms (cache miss)
2089 http fetch GET 200 https://registry.npmjs.org/yargs-parser/-/yargs-parser-21.1.1.tgz 628ms (cache miss)
2090 http fetch GET 200 https://registry.npmjs.org/strip-bom/-/strip-bom-3.0.0.tgz 821ms (cache miss)
2091 http fetch GET 200 https://registry.npmjs.org/y18n/-/y18n-5.0.8.tgz 830ms (cache miss)
2092 http fetch GET 200 https://registry.npmjs.org/cliui/-/cliui-8.0.1.tgz 1101ms (cache miss)
2093 http fetch GET 200 https://registry.npmjs.org/color-name/-/color-name-1.1.4.tgz 1102ms (cache miss)
2094 http fetch GET 200 https://registry.npmjs.org/path-browserify/-/path-browserify-1.0.1.tgz 1481ms (cache miss)
2095 http fetch GET 200 https://registry.npmjs.org/punycode/-/punycode-2.3.1.tgz 1536ms (cache miss)
2096 http fetch GET 200 https://registry.npmjs.org/ansi-regex/-/ansi-regex-6.2.2.tgz 1594ms (cache miss)
2097 http fetch GET 200 https://registry.npmjs.org/escalade/-/escalade-3.2.0.tgz 1629ms (cache miss)
2098 http fetch GET 200 https://registry.npmjs.org/is-obj/-/is-obj-3.0.0.tgz 1826ms (cache miss)
2099 http fetch GET 200 https://registry.npmjs.org/get-east-asian-width/-/get-east-asian-width-1.4.0.tgz 1892ms (cache miss)
2100 http fetch GET 200 https://registry.npmjs.org/ansi-styles/-/ansi-styles-4.3.0.tgz 1963ms (cache miss)
2101 http fetch GET 200 https://registry.npmjs.org/media-typer/-/media-typer-1.1.0.tgz 1964ms (cache miss)
2102 http fetch GET 200 https://registry.npmjs.org/color-convert/-/color-convert-2.0.1.tgz 1975ms (cache miss)
2103 http fetch GET 200 https://registry.npmjs.org/math-intrinsics/-/math-intrinsics-1.1.0.tgz 2088ms (cache miss)
2104 http fetch GET 200 https://registry.npmjs.org/get-caller-file/-/get-caller-file-2.0.5.tgz 2094ms (cache miss)
2105 http fetch GET 200 https://registry.npmjs.org/isexe/-/isexe-3.1.1.tgz 2109ms (cache miss)
2106 http fetch GET 200 https://registry.npmjs.org/is-number/-/is-number-7.0.0.tgz 2112ms (cache miss)
2107 http fetch GET 200 https://registry.npmjs.org/code-block-writer/-/code-block-writer-13.0.3.tgz 2180ms (cache miss)
2108 http fetch GET 200 https://registry.npmjs.org/minimist/-/minimist-1.2.8.tgz 2397ms (cache miss)
2109 http fetch GET 200 https://registry.npmjs.org/get-own-enumerable-keys/-/get-own-enumerable-keys-1.0.0.tgz 2397ms (cache miss)
2110 http fetch GET 200 https://registry.npmjs.org/hasown/-/hasown-2.0.2.tgz 2397ms (cache miss)
2111 http fetch GET 200 https://registry.npmjs.org/has-symbols/-/has-symbols-1.1.0.tgz 2398ms (cache miss)
2112 http fetch GET 200 https://registry.npmjs.org/tldts-core/-/tldts-core-7.0.14.tgz 2413ms (cache miss)
2113 http fetch GET 200 https://registry.npmjs.org/emoji-regex/-/emoji-regex-10.5.0.tgz 2429ms (cache miss)
2114 http fetch GET 200 https://registry.npmjs.org/dunder-proto/-/dunder-proto-1.0.1.tgz 2487ms (cache miss)
2115 http fetch GET 200 https://registry.npmjs.org/get-proto/-/get-proto-1.0.1.tgz 2517ms (cache miss)
2116 http fetch GET 200 https://registry.npmjs.org/function-bind/-/function-bind-1.1.2.tgz 2576ms (cache miss)
2117 http fetch GET 200 https://registry.npmjs.org/call-bind-apply-helpers/-/call-bind-apply-helpers-1.0.2.tgz 2590ms (cache miss)
2118 http fetch GET 200 https://registry.npmjs.org/side-channel-weakmap/-/side-channel-weakmap-1.0.2.tgz 2610ms (cache miss)
2119 http fetch GET 200 https://registry.npmjs.org/is-regexp/-/is-regexp-3.1.0.tgz 2636ms (cache miss)
2120 http fetch GET 200 https://registry.npmjs.org/minimatch/-/minimatch-10.0.3.tgz 2694ms (cache miss)
2121 http fetch GET 200 https://registry.npmjs.org/call-bound/-/call-bound-1.0.4.tgz 2704ms (cache miss)
2122 http fetch GET 200 https://registry.npmjs.org/es-object-atoms/-/es-object-atoms-1.1.1.tgz 2741ms (cache miss)
2123 http fetch GET 200 https://registry.npmjs.org/side-channel-map/-/side-channel-map-1.0.1.tgz 2743ms (cache miss)
2124 http fetch GET 200 https://registry.npmjs.org/@isaacs/brace-expansion/-/brace-expansion-5.0.0.tgz 2762ms (cache miss)
2125 http fetch GET 200 https://registry.npmjs.org/queue-microtask/-/queue-microtask-1.2.3.tgz 2816ms (cache miss)
2126 http fetch GET 200 https://registry.npmjs.org/side-channel-list/-/side-channel-list-1.0.0.tgz 3083ms (cache miss)
2127 http fetch GET 200 https://registry.npmjs.org/es-errors/-/es-errors-1.3.0.tgz 3085ms (cache miss)
2128 http fetch GET 200 https://registry.npmjs.org/onetime/-/onetime-7.0.0.tgz 3086ms (cache miss)
2129 http fetch GET 200 https://registry.npmjs.org/is-promise/-/is-promise-4.0.0.tgz 3086ms (cache miss)
2130 http fetch GET 200 https://registry.npmjs.org/gopd/-/gopd-1.2.0.tgz 3087ms (cache miss)
2131 http fetch GET 200 https://registry.npmjs.org/es-define-property/-/es-define-property-1.0.1.tgz 3086ms (cache miss)
2132 http fetch GET 200 https://registry.npmjs.org/object-inspect/-/object-inspect-1.13.4.tgz 3089ms (cache miss)
2133 http fetch GET 200 https://registry.npmjs.org/unpipe/-/unpipe-1.0.0.tgz 3150ms (cache miss)
2134 http fetch GET 200 https://registry.npmjs.org/get-intrinsic/-/get-intrinsic-1.3.0.tgz 3177ms (cache miss)
2135 http fetch GET 200 https://registry.npmjs.org/tiny-invariant/-/tiny-invariant-1.3.3.tgz 3209ms (cache miss)
2136 http fetch GET 200 https://registry.npmjs.org/mimic-function/-/mimic-function-5.0.1.tgz 3322ms (cache miss)
2137 http fetch GET 200 https://registry.npmjs.org/is-arrayish/-/is-arrayish-0.2.1.tgz 3429ms (cache miss)
2138 http fetch GET 200 https://registry.npmjs.org/shebang-regex/-/shebang-regex-3.0.0.tgz 3457ms (cache miss)
2139 http fetch GET 200 https://registry.npmjs.org/tldts/-/tldts-7.0.14.tgz 3468ms (cache miss)
2140 http fetch GET 200 https://registry.npmjs.org/ipaddr.js/-/ipaddr.js-1.9.1.tgz 3520ms (cache miss)
2141 http fetch GET 200 https://registry.npmjs.org/nanoid/-/nanoid-3.3.11.tgz 3537ms (cache miss)
2142 http fetch GET 200 https://registry.npmjs.org/forwarded/-/forwarded-0.2.0.tgz 3554ms (cache miss)
2143 http fetch GET 200 https://registry.npmjs.org/ast-types/-/ast-types-0.16.1.tgz 3559ms (cache miss)
2144 http fetch GET 200 https://registry.npmjs.org/parse-ms/-/parse-ms-4.0.0.tgz 3637ms (cache miss)
2145 http fetch GET 200 https://registry.npmjs.org/json-parse-even-better-errors/-/json-parse-even-better-errors-2.3.1.tgz 3674ms (cache miss)
2146 http fetch GET 200 https://registry.npmjs.org/error-ex/-/error-ex-1.3.2.tgz 3688ms (cache miss)
2147 http fetch GET 200 https://registry.npmjs.org/tslib/-/tslib-2.8.1.tgz 3707ms (cache miss)
2148 http fetch GET 200 https://registry.npmjs.org/callsites/-/callsites-3.1.0.tgz 3731ms (cache miss)
2149 http fetch GET 200 https://registry.npmjs.org/restore-cursor/-/restore-cursor-5.1.0.tgz 3794ms (cache miss)
2150 http fetch GET 200 https://registry.npmjs.org/strip-ansi/-/strip-ansi-7.1.2.tgz 3852ms (cache miss)
2151 http fetch GET 200 https://registry.npmjs.org/is-interactive/-/is-interactive-2.0.0.tgz 3887ms (cache miss)
2152 http fetch GET 200 https://registry.npmjs.org/lines-and-columns/-/lines-and-columns-1.2.4.tgz 3895ms (cache miss)
2153 http fetch GET 200 https://registry.npmjs.org/cli-spinners/-/cli-spinners-2.9.2.tgz 3917ms (cache miss)
2154 http fetch GET 200 https://registry.npmjs.org/cli-cursor/-/cli-cursor-5.0.0.tgz 3932ms (cache miss)
2155 http fetch GET 200 https://registry.npmjs.org/sisteransi/-/sisteransi-1.0.5.tgz 3936ms (cache miss)
2156 http fetch GET 200 https://registry.npmjs.org/string-width/-/string-width-7.2.0.tgz 4008ms (cache miss)
2157 http fetch GET 200 https://registry.npmjs.org/log-symbols/-/log-symbols-6.0.0.tgz 4114ms (cache miss)
2158 http fetch GET 200 https://registry.npmjs.org/node-domexception/-/node-domexception-1.0.0.tgz 4409ms (cache miss)
2159 http fetch GET 200 https://registry.npmjs.org/chalk/-/chalk-5.6.2.tgz 4409ms (cache miss)
2160 http fetch GET 200 https://registry.npmjs.org/unicorn-magic/-/unicorn-magic-0.3.0.tgz 4409ms (cache miss)
2161 http fetch GET 200 https://registry.npmjs.org/wrappy/-/wrappy-1.0.2.tgz 4409ms (cache miss)
2162 http fetch GET 200 https://registry.npmjs.org/ee-first/-/ee-first-1.1.1.tgz 4409ms (cache miss)
2163 http fetch GET 200 https://registry.npmjs.org/data-uri-to-buffer/-/data-uri-to-buffer-4.0.1.tgz 4410ms (cache miss)
2164 http fetch GET 200 https://registry.npmjs.org/esprima/-/esprima-4.0.1.tgz 4412ms (cache miss)
2165 http fetch GET 200 https://registry.npmjs.org/formdata-polyfill/-/formdata-polyfill-4.0.10.tgz 4411ms (cache miss)
2166 warn deprecated node-domexception@1.0.0: Use your platform's native DOMException instead
2167 http fetch GET 200 https://registry.npmjs.org/fetch-blob/-/fetch-blob-3.2.0.tgz 4468ms (cache miss)
2168 http fetch GET 200 https://registry.npmjs.org/source-map-js/-/source-map-js-1.2.1.tgz 4571ms (cache miss)
2169 http fetch GET 200 https://registry.npmjs.org/source-map/-/source-map-0.6.1.tgz 4604ms (cache miss)
2170 http fetch GET 200 https://registry.npmjs.org/stdin-discarder/-/stdin-discarder-0.2.2.tgz 4695ms (cache miss)
2171 http fetch GET 200 https://registry.npmjs.org/yoctocolors-cjs/-/yoctocolors-cjs-2.1.3.tgz 4694ms (cache miss)
2172 http fetch GET 200 https://registry.npmjs.org/wrap-ansi/-/wrap-ansi-6.2.0.tgz 4864ms (cache miss)
2173 http fetch GET 200 https://registry.npmjs.org/@inquirer/type/-/type-3.0.8.tgz 4883ms (cache miss)
2174 http fetch GET 200 https://registry.npmjs.org/@open-draft/logger/-/logger-0.3.0.tgz 4914ms (cache miss)
2175 http fetch GET 200 https://registry.npmjs.org/@inquirer/core/-/core-10.2.0.tgz 5002ms (cache miss)
2176 http fetch GET 200 https://registry.npmjs.org/strict-event-emitter/-/strict-event-emitter-0.5.1.tgz 5029ms (cache miss)
2177 http fetch GET 200 https://registry.npmjs.org/mute-stream/-/mute-stream-2.0.0.tgz 5052ms (cache miss)
2178 http fetch GET 200 https://registry.npmjs.org/cli-width/-/cli-width-4.1.0.tgz 5187ms (cache miss)
2179 http fetch GET 200 https://registry.npmjs.org/side-channel/-/side-channel-1.1.0.tgz 5196ms (cache miss)
2180 http fetch GET 200 https://registry.npmjs.org/ansi-escapes/-/ansi-escapes-4.3.2.tgz 5226ms (cache miss)
2181 http fetch GET 200 https://registry.npmjs.org/is-node-process/-/is-node-process-1.2.0.tgz 5278ms (cache miss)
2182 http fetch GET 200 https://registry.npmjs.org/rettime/-/rettime-0.7.0.tgz 5383ms (cache miss)
2183 http fetch GET 200 https://registry.npmjs.org/@types/cookie/-/cookie-0.6.0.tgz 5448ms (cache miss)
2184 http fetch GET 200 https://registry.npmjs.org/path-to-regexp/-/path-to-regexp-6.3.0.tgz 5450ms (cache miss)
2185 http fetch GET 200 https://registry.npmjs.org/@inquirer/figures/-/figures-1.0.13.tgz 5494ms (cache miss)
2186 http fetch GET 200 https://registry.npmjs.org/@types/statuses/-/statuses-2.0.6.tgz 5879ms (cache miss)
2187 http fetch GET 200 https://registry.npmjs.org/@bundled-es-modules/statuses/-/statuses-1.0.1.tgz 5883ms (cache miss)
2188 http fetch GET 200 https://registry.npmjs.org/@inquirer/confirm/-/confirm-5.1.16.tgz 5883ms (cache miss)
2189 http fetch GET 200 https://registry.npmjs.org/yargs/-/yargs-17.7.2.tgz 5894ms (cache miss)
2190 http fetch GET 200 https://registry.npmjs.org/mime-db/-/mime-db-1.54.0.tgz 5965ms (cache miss)
2191 http fetch GET 200 https://registry.npmjs.org/@bundled-es-modules/cookie/-/cookie-2.0.1.tgz 5979ms (cache miss)
2192 http fetch GET 200 https://registry.npmjs.org/@open-draft/until/-/until-2.1.0.tgz 5997ms (cache miss)
2193 http fetch GET 200 https://registry.npmjs.org/@open-draft/deferred-promise/-/deferred-promise-2.2.0.tgz 6007ms (cache miss)
2194 http fetch GET 200 https://registry.npmjs.org/outvariant/-/outvariant-1.4.3.tgz 6023ms (cache miss)
2195 http fetch GET 200 https://registry.npmjs.org/tough-cookie/-/tough-cookie-6.0.0.tgz 6050ms (cache miss)
2196 http fetch GET 200 https://registry.npmjs.org/to-regex-range/-/to-regex-range-5.0.1.tgz 6050ms (cache miss)
2197 http fetch GET 200 https://registry.npmjs.org/resolve-from/-/resolve-from-4.0.0.tgz 6255ms (cache miss)
2198 http fetch GET 200 https://registry.npmjs.org/parent-module/-/parent-module-1.0.1.tgz 6262ms (cache miss)
2199 http fetch GET 200 https://registry.npmjs.org/agent-base/-/agent-base-7.1.4.tgz 6298ms (cache miss)
2200 http fetch GET 200 https://registry.npmjs.org/braces/-/braces-3.0.3.tgz 6383ms (cache miss)
2201 http fetch GET 200 https://registry.npmjs.org/is-extglob/-/is-extglob-2.1.1.tgz 6478ms (cache miss)
2202 http fetch GET 200 https://registry.npmjs.org/yallist/-/yallist-3.1.1.tgz 6574ms (cache miss)
2203 http fetch GET 200 https://registry.npmjs.org/argparse/-/argparse-2.0.1.tgz 6615ms (cache miss)
2204 http fetch GET 200 https://registry.npmjs.org/setprototypeof/-/setprototypeof-1.2.0.tgz 6624ms (cache miss)
2205 http fetch GET 200 https://registry.npmjs.org/toidentifier/-/toidentifier-1.0.1.tgz 6628ms (cache miss)
2206 http fetch GET 200 https://registry.npmjs.org/depd/-/depd-2.0.0.tgz 6732ms (cache miss)
2207 http fetch GET 200 https://registry.npmjs.org/inherits/-/inherits-2.0.4.tgz 6758ms (cache miss)
2208 http fetch GET 200 https://registry.npmjs.org/jsonfile/-/jsonfile-6.2.0.tgz 6847ms (cache miss)
2209 http fetch GET 200 https://registry.npmjs.org/@sec-ant/readable-stream/-/readable-stream-0.4.1.tgz 6925ms (cache miss)
2210 http fetch GET 200 https://registry.npmjs.org/is-unicode-supported/-/is-unicode-supported-2.1.0.tgz 6954ms (cache miss)
2211 http fetch GET 200 https://registry.npmjs.org/reusify/-/reusify-1.1.0.tgz 6989ms (cache miss)
2212 http fetch GET 200 https://registry.npmjs.org/universalify/-/universalify-2.0.1.tgz 7086ms (cache miss)
2213 http fetch GET 200 https://registry.npmjs.org/fill-range/-/fill-range-7.1.1.tgz 7105ms (cache miss)
2214 http fetch GET 200 https://registry.npmjs.org/graceful-fs/-/graceful-fs-4.2.11.tgz 7113ms (cache miss)
2215 http fetch GET 200 https://registry.npmjs.org/is-glob/-/is-glob-4.0.3.tgz 7122ms (cache miss)
2216 http fetch GET 200 https://registry.npmjs.org/merge2/-/merge2-1.4.1.tgz 7221ms (cache miss)
2217 http fetch GET 200 https://registry.npmjs.org/fastq/-/fastq-1.19.1.tgz 7330ms (cache miss)
2218 http fetch GET 200 https://registry.npmjs.org/micromatch/-/micromatch-4.0.8.tgz 7391ms (cache miss)
2219 http fetch GET 200 https://registry.npmjs.org/@nodelib/fs.walk/-/fs.walk-1.2.8.tgz 7525ms (cache miss)
2220 http fetch GET 200 https://registry.npmjs.org/@nodelib/fs.scandir/-/fs.scandir-2.1.5.tgz 7569ms (cache miss)
2221 http fetch GET 200 https://registry.npmjs.org/@nodelib/fs.stat/-/fs.stat-2.0.5.tgz 7669ms (cache miss)
2222 http fetch GET 200 https://registry.npmjs.org/bytes/-/bytes-3.1.2.tgz 7946ms (cache miss)
2223 http fetch GET 200 https://registry.npmjs.org/negotiator/-/negotiator-1.0.0.tgz 7946ms (cache miss)
2224 http fetch GET 200 https://registry.npmjs.org/run-parallel/-/run-parallel-1.2.0.tgz 7949ms (cache miss)
2225 http fetch GET 200 https://registry.npmjs.org/iconv-lite/-/iconv-lite-0.6.3.tgz 7948ms (cache miss)
2226 http fetch GET 200 https://registry.npmjs.org/statuses/-/statuses-2.0.2.tgz 7973ms (cache miss)
2227 http fetch GET 200 https://registry.npmjs.org/router/-/router-2.2.0.tgz 8067ms (cache miss)
2228 http fetch GET 200 https://registry.npmjs.org/glob-parent/-/glob-parent-5.1.2.tgz 8092ms (cache miss)
2229 http fetch GET 200 https://registry.npmjs.org/safer-buffer/-/safer-buffer-2.1.2.tgz 8098ms (cache miss)
2230 http fetch GET 200 https://registry.npmjs.org/@ts-morph/common/-/common-0.27.0.tgz 8125ms (cache miss)
2231 http fetch GET 200 https://registry.npmjs.org/serve-static/-/serve-static-2.2.0.tgz 8203ms (cache miss)
2232 http fetch GET 200 https://registry.npmjs.org/once/-/once-1.4.0.tgz 8387ms (cache miss)
2233 http fetch GET 200 https://registry.npmjs.org/range-parser/-/range-parser-1.2.1.tgz 8387ms (cache miss)
2234 http fetch GET 200 https://registry.npmjs.org/send/-/send-1.2.0.tgz 8388ms (cache miss)
2235 http fetch GET 200 https://registry.npmjs.org/on-finished/-/on-finished-2.4.1.tgz 8388ms (cache miss)
2236 http fetch GET 200 https://registry.npmjs.org/merge-descriptors/-/merge-descriptors-2.0.0.tgz 8529ms (cache miss)
2237 http fetch GET 200 https://registry.npmjs.org/fresh/-/fresh-2.0.0.tgz 8595ms (cache miss)
2238 http fetch GET 200 https://registry.npmjs.org/type-is/-/type-is-2.0.1.tgz 8655ms (cache miss)
2239 http fetch GET 200 https://registry.npmjs.org/etag/-/etag-1.8.1.tgz 8749ms (cache miss)
2240 http fetch GET 200 https://registry.npmjs.org/parseurl/-/parseurl-1.3.3.tgz 8749ms (cache miss)
2241 http fetch GET 200 https://registry.npmjs.org/escape-html/-/escape-html-1.0.3.tgz 8811ms (cache miss)
2242 http fetch GET 200 https://registry.npmjs.org/http-errors/-/http-errors-2.0.0.tgz 8828ms (cache miss)
2243 http fetch GET 200 https://registry.npmjs.org/safe-buffer/-/safe-buffer-5.2.1.tgz 8853ms (cache miss)
2244 http fetch GET 200 https://registry.npmjs.org/cookie-signature/-/cookie-signature-1.2.2.tgz 8968ms (cache miss)
2245 http fetch GET 200 https://registry.npmjs.org/mime-types/-/mime-types-3.0.1.tgz 9017ms (cache miss)
2246 http fetch GET 200 https://registry.npmjs.org/proxy-addr/-/proxy-addr-2.0.7.tgz 9070ms (cache miss)
2247 http fetch GET 200 https://registry.npmjs.org/finalhandler/-/finalhandler-2.1.0.tgz 9197ms (cache miss)
2248 http fetch GET 200 https://registry.npmjs.org/yoctocolors/-/yoctocolors-2.1.2.tgz 9253ms (cache miss)
2249 http fetch GET 200 https://registry.npmjs.org/strip-final-newline/-/strip-final-newline-4.0.0.tgz 9369ms (cache miss)
2250 http fetch GET 200 https://registry.npmjs.org/npm-run-path/-/npm-run-path-6.0.0.tgz 9950ms (cache miss)
2251 http fetch GET 200 https://registry.npmjs.org/encodeurl/-/encodeurl-2.0.0.tgz 9953ms (cache miss)
2252 http fetch GET 200 https://registry.npmjs.org/body-parser/-/body-parser-2.2.0.tgz 9956ms (cache miss)
2253 http fetch GET 200 https://registry.npmjs.org/content-disposition/-/content-disposition-1.0.0.tgz 9957ms (cache miss)
2254 http fetch GET 200 https://registry.npmjs.org/cookie/-/cookie-0.7.2.tgz 9957ms (cache miss)
2255 http fetch GET 200 https://registry.npmjs.org/accepts/-/accepts-2.0.0.tgz 9957ms (cache miss)
2256 http fetch GET 200 https://registry.npmjs.org/figures/-/figures-6.1.0.tgz 9957ms (cache miss)
2257 http fetch GET 200 https://registry.npmjs.org/is-plain-obj/-/is-plain-obj-4.1.0.tgz 9957ms (cache miss)
2258 http fetch GET 200 https://registry.npmjs.org/pretty-ms/-/pretty-ms-9.2.0.tgz 9957ms (cache miss)
2259 http fetch GET 200 https://registry.npmjs.org/graphql/-/graphql-16.11.0.tgz 9966ms (cache miss)
2260 http fetch GET 200 https://registry.npmjs.org/is-stream/-/is-stream-4.0.1.tgz 10054ms (cache miss)
2261 http fetch GET 200 https://registry.npmjs.org/human-signals/-/human-signals-8.0.1.tgz 10080ms (cache miss)
2262 http fetch GET 200 https://registry.npmjs.org/@sindresorhus/merge-streams/-/merge-streams-4.0.0.tgz 10753ms (cache miss)
2263 http fetch GET 200 https://registry.npmjs.org/ms/-/ms-2.1.3.tgz 10753ms (cache miss)
2264 http fetch GET 200 https://registry.npmjs.org/path-key/-/path-key-3.1.1.tgz 10753ms (cache miss)
2265 http fetch GET 200 https://registry.npmjs.org/env-paths/-/env-paths-2.2.1.tgz 10753ms (cache miss)
2266 http fetch GET 200 https://registry.npmjs.org/parse-json/-/parse-json-5.2.0.tgz 10753ms (cache miss)
2267 http fetch GET 200 https://registry.npmjs.org/shebang-command/-/shebang-command-2.0.0.tgz 10753ms (cache miss)
2268 http fetch GET 200 https://registry.npmjs.org/object-assign/-/object-assign-4.1.1.tgz 10753ms (cache miss)
2269 http fetch GET 200 https://registry.npmjs.org/vary/-/vary-1.1.2.tgz 10753ms (cache miss)
2270 http fetch GET 200 https://registry.npmjs.org/get-stream/-/get-stream-9.0.1.tgz 10753ms (cache miss)
2271 http fetch GET 200 https://registry.npmjs.org/signal-exit/-/signal-exit-4.1.0.tgz 10955ms (cache miss)
2272 http fetch GET 200 https://registry.npmjs.org/electron-to-chromium/-/electron-to-chromium-1.5.218.tgz 10965ms (cache miss)
2273 http fetch GET 200 https://registry.npmjs.org/@ecies/ciphers/-/ciphers-0.2.4.tgz 11179ms (cache miss)
2274 http fetch GET 200 https://registry.npmjs.org/import-fresh/-/import-fresh-3.3.1.tgz 11189ms (cache miss)
2275 http fetch GET 200 https://registry.npmjs.org/update-browserslist-db/-/update-browserslist-db-1.1.3.tgz 11201ms (cache miss)
2276 http fetch GET 200 https://registry.npmjs.org/json-schema-traverse/-/json-schema-traverse-0.4.1.tgz 11416ms (cache miss)
2277 http fetch GET 200 https://registry.npmjs.org/baseline-browser-mapping/-/baseline-browser-mapping-2.8.2.tgz 11416ms (cache miss)
2278 http fetch GET 200 https://registry.npmjs.org/web-streams-polyfill/-/web-streams-polyfill-3.3.3.tgz 11590ms (cache miss)
2279 http fetch GET 200 https://registry.npmjs.org/node-releases/-/node-releases-2.0.21.tgz 11644ms (cache miss)
2280 http fetch GET 200 https://registry.npmjs.org/raw-body/-/raw-body-3.0.1.tgz 12006ms (cache miss)
2281 http fetch GET 200 https://registry.npmjs.org/pkce-challenge/-/pkce-challenge-5.0.0.tgz 12089ms (cache miss)
2282 http fetch GET 200 https://registry.npmjs.org/fast-deep-equal/-/fast-deep-equal-3.1.3.tgz 12302ms (cache miss)
2283 http fetch GET 200 https://registry.npmjs.org/eventsource-parser/-/eventsource-parser-3.0.6.tgz 12336ms (cache miss)
2284 http fetch GET 200 https://registry.npmjs.org/fast-json-stable-stringify/-/fast-json-stable-stringify-2.1.0.tgz 12410ms (cache miss)
2285 http fetch GET 200 https://registry.npmjs.org/js-yaml/-/js-yaml-4.1.0.tgz 12618ms (cache miss)
2286 http fetch GET 200 https://registry.npmjs.org/content-type/-/content-type-1.0.5.tgz 12817ms (cache miss)
2287 http fetch GET 200 https://registry.npmjs.org/express-rate-limit/-/express-rate-limit-7.5.1.tgz 12892ms (cache miss)
2288 http fetch GET 200 https://registry.npmjs.org/cross-spawn/-/cross-spawn-7.0.6.tgz 12967ms (cache miss)
2289 http fetch GET 200 https://registry.npmjs.org/eventsource/-/eventsource-3.0.7.tgz 13099ms (cache miss)
2290 http fetch GET 200 https://registry.npmjs.org/object-treeify/-/object-treeify-1.1.33.tgz 13223ms (cache miss)
2291 http fetch GET 200 https://registry.npmjs.org/qs/-/qs-6.14.0.tgz 13236ms (cache miss)
2292 http fetch GET 200 https://registry.npmjs.org/cors/-/cors-2.8.5.tgz 13403ms (cache miss)
2293 http fetch GET 200 https://registry.npmjs.org/fdir/-/fdir-6.5.0.tgz 13614ms (cache miss)
2294 http fetch GET 200 https://registry.npmjs.org/@noble/ciphers/-/ciphers-1.3.0.tgz 13805ms (cache miss)
2295 http fetch GET 200 https://registry.npmjs.org/eciesjs/-/eciesjs-0.4.15.tgz 13903ms (cache miss)
2296 http fetch GET 200 https://registry.npmjs.org/@jridgewell/resolve-uri/-/resolve-uri-3.1.2.tgz 13982ms (cache miss)
2297 http fetch GET 200 https://registry.npmjs.org/@jridgewell/sourcemap-codec/-/sourcemap-codec-1.5.5.tgz 14014ms (cache miss)
2298 http fetch GET 200 https://registry.npmjs.org/ignore/-/ignore-5.3.2.tgz 14297ms (cache miss)
2299 http fetch GET 200 https://registry.npmjs.org/@babel/helper-globals/-/helper-globals-7.28.0.tgz 14450ms (cache miss)
2300 http fetch GET 200 https://registry.npmjs.org/@babel/helper-optimise-call-expression/-/helper-optimise-call-expression-7.27.1.tgz 14520ms (cache miss)
2301 http fetch GET 200 https://registry.npmjs.org/@babel/helper-string-parser/-/helper-string-parser-7.27.1.tgz 14529ms (cache miss)
2302 http fetch GET 200 https://registry.npmjs.org/@babel/helper-skip-transparent-expression-wrappers/-/helper-skip-transparent-expression-wrappers-7.27.1.tgz 14532ms (cache miss)
2303 http fetch GET 200 https://registry.npmjs.org/@babel/helper-replace-supers/-/helper-replace-supers-7.27.1.tgz 14532ms (cache miss)
2304 http fetch GET 200 https://registry.npmjs.org/@babel/helper-plugin-utils/-/helper-plugin-utils-7.27.1.tgz 14531ms (cache miss)
2305 http fetch GET 200 https://registry.npmjs.org/@babel/plugin-syntax-typescript/-/plugin-syntax-typescript-7.27.1.tgz 14539ms (cache miss)
2306 http fetch GET 200 https://registry.npmjs.org/@babel/helper-annotate-as-pure/-/helper-annotate-as-pure-7.27.3.tgz 14745ms (cache miss)
2307 http fetch GET 200 https://registry.npmjs.org/lru-cache/-/lru-cache-5.1.1.tgz 14830ms (cache miss)
2308 http fetch GET 200 https://registry.npmjs.org/@babel/helper-member-expression-to-functions/-/helper-member-expression-to-functions-7.27.1.tgz 14932ms (cache miss)
2309 http fetch GET 200 https://registry.npmjs.org/@babel/helper-module-imports/-/helper-module-imports-7.27.1.tgz 15249ms (cache miss)
2310 http fetch GET 200 https://registry.npmjs.org/@babel/helper-validator-option/-/helper-validator-option-7.27.1.tgz 15248ms (cache miss)
2311 http fetch GET 200 https://registry.npmjs.org/@babel/helper-create-class-features-plugin/-/helper-create-class-features-plugin-7.28.3.tgz 15640ms (cache miss)
2312 http fetch GET 200 https://registry.npmjs.org/jsesc/-/jsesc-3.1.0.tgz 15701ms (cache miss)
2313 http fetch GET 200 https://registry.npmjs.org/picocolors/-/picocolors-1.1.1.tgz 15838ms (cache miss)
2314 http fetch GET 200 https://registry.npmjs.org/dotenv/-/dotenv-17.2.2.tgz 15890ms (cache miss)
2315 http fetch GET 200 https://registry.npmjs.org/express/-/express-5.1.0.tgz 15898ms (cache miss)
2316 http fetch GET 200 https://registry.npmjs.org/@babel/compat-data/-/compat-data-7.28.4.tgz 15966ms (cache miss)
2317 http fetch GET 200 https://registry.npmjs.org/browserslist/-/browserslist-4.26.0.tgz 16063ms (cache miss)
2318 http fetch GET 200 https://registry.npmjs.org/js-tokens/-/js-tokens-4.0.0.tgz 16158ms (cache miss)
2319 http fetch GET 200 https://registry.npmjs.org/@jridgewell/gen-mapping/-/gen-mapping-0.3.13.tgz 16531ms (cache miss)
2320 http fetch GET 200 https://registry.npmjs.org/gensync/-/gensync-1.0.0-beta.2.tgz 16571ms (cache miss)
2321 http fetch GET 200 https://registry.npmjs.org/convert-source-map/-/convert-source-map-2.0.0.tgz 16571ms (cache miss)
2322 http fetch GET 200 https://registry.npmjs.org/ajv/-/ajv-6.12.6.tgz 16579ms (cache miss)
2323 http fetch GET 200 https://registry.npmjs.org/@jridgewell/trace-mapping/-/trace-mapping-0.3.31.tgz 16850ms (cache miss)
2324 http fetch GET 200 https://registry.npmjs.org/semver/-/semver-6.3.1.tgz 17034ms (cache miss)
2325 http fetch GET 200 https://registry.npmjs.org/@babel/template/-/template-7.27.2.tgz 17247ms (cache miss)
2326 http fetch GET 200 https://registry.npmjs.org/@babel/helper-validator-identifier/-/helper-validator-identifier-7.27.1.tgz 17266ms (cache miss)
2327 http fetch GET 200 https://registry.npmjs.org/debug/-/debug-4.4.1.tgz 17329ms (cache miss)
2328 http fetch GET 200 https://registry.npmjs.org/json5/-/json5-2.2.3.tgz 17417ms (cache miss)
2329 http fetch GET 200 https://registry.npmjs.org/@jridgewell/remapping/-/remapping-2.3.5.tgz 17660ms (cache miss)
2330 http fetch GET 200 https://registry.npmjs.org/@babel/code-frame/-/code-frame-7.27.1.tgz 17899ms (cache miss)
2331 http fetch GET 200 https://registry.npmjs.org/picomatch/-/picomatch-4.0.3.tgz 18302ms (cache miss)
2332 http fetch GET 200 https://registry.npmjs.org/type-fest/-/type-fest-4.41.0.tgz 18330ms (cache miss)
2333 http fetch GET 200 https://registry.npmjs.org/tinyexec/-/tinyexec-1.0.1.tgz 18514ms (cache miss)
2334 http fetch GET 200 https://registry.npmjs.org/@babel/helper-module-transforms/-/helper-module-transforms-7.28.3.tgz 18629ms (cache miss)
2335 http fetch GET 200 https://registry.npmjs.org/@babel/types/-/types-7.28.4.tgz 18671ms (cache miss)
2336 http fetch GET 200 https://registry.npmjs.org/@babel/helper-compilation-targets/-/helper-compilation-targets-7.27.2.tgz 18675ms (cache miss)
2337 http fetch GET 200 https://registry.npmjs.org/ansis/-/ansis-4.1.0.tgz 18791ms (cache miss)
2338 http fetch GET 200 https://registry.npmjs.org/package-manager-detector/-/package-manager-detector-1.3.0.tgz 18870ms (cache miss)
2339 http fetch GET 200 https://registry.npmjs.org/@babel/traverse/-/traverse-7.28.4.tgz 19793ms (cache miss)
2340 http fetch GET 200 https://registry.npmjs.org/prompts/-/prompts-2.4.2.tgz 20394ms (cache miss)
2341 http fetch GET 200 https://registry.npmjs.org/zod-to-json-schema/-/zod-to-json-schema-3.24.6.tgz 20515ms (cache miss)
2342 http fetch GET 200 https://registry.npmjs.org/recast/-/recast-0.23.11.tgz 20531ms (cache miss)
2343 http fetch GET 200 https://registry.npmjs.org/stringify-object/-/stringify-object-5.0.0.tgz 23145ms (cache miss)
2344 http fetch GET 200 https://registry.npmjs.org/ora/-/ora-8.2.0.tgz 23145ms (cache miss)
2345 http fetch GET 200 https://registry.npmjs.org/https-proxy-agent/-/https-proxy-agent-7.0.6.tgz 23146ms (cache miss)
2346 http fetch GET 200 https://registry.npmjs.org/kleur/-/kleur-4.1.5.tgz 23147ms (cache miss)
2347 http fetch GET 200 https://registry.npmjs.org/dedent/-/dedent-1.7.0.tgz 23149ms (cache miss)
2348 http fetch GET 200 https://registry.npmjs.org/deepmerge/-/deepmerge-4.3.1.tgz 23149ms (cache miss)
2349 http fetch GET 200 https://registry.npmjs.org/fs-extra/-/fs-extra-11.3.1.tgz 23151ms (cache miss)
2350 http fetch GET 200 https://registry.npmjs.org/@babel/helpers/-/helpers-7.28.4.tgz 23153ms (cache miss)
2351 http fetch GET 200 https://registry.npmjs.org/fuzzysort/-/fuzzysort-3.1.0.tgz 23152ms (cache miss)
2352 http fetch GET 200 https://registry.npmjs.org/fzf/-/fzf-0.5.2.tgz 23154ms (cache miss)
2353 http fetch GET 200 https://registry.npmjs.org/@babel/generator/-/generator-7.28.3.tgz 23155ms (cache miss)
2354 http fetch GET 200 https://registry.npmjs.org/node-fetch/-/node-fetch-3.3.2.tgz 23160ms (cache miss)
2355 http fetch GET 200 https://registry.npmjs.org/tsconfig-paths/-/tsconfig-paths-4.2.0.tgz 23164ms (cache miss)
2356 http fetch GET 200 https://registry.npmjs.org/@mswjs/interceptors/-/interceptors-0.39.6.tgz 23180ms (cache miss)
2357 http fetch GET 200 https://registry.npmjs.org/postcss/-/postcss-8.5.6.tgz 23171ms (cache miss)
2358 http fetch GET 200 https://registry.npmjs.org/ts-morph/-/ts-morph-26.0.0.tgz 23172ms (cache miss)
2359 http fetch GET 200 https://registry.npmjs.org/zod/-/zod-3.25.76.tgz 23176ms (cache miss)
2360 http fetch GET 200 https://registry.npmjs.org/caniuse-lite/-/caniuse-lite-1.0.30001741.tgz 23182ms (cache miss)
2361 http fetch GET 200 https://registry.npmjs.org/execa/-/execa-9.6.0.tgz 23185ms (cache miss)
2362 http fetch GET 200 https://registry.npmjs.org/cosmiconfig/-/cosmiconfig-9.0.0.tgz 23300ms (cache miss)
2363 http fetch GET 200 https://registry.npmjs.org/ansi-regex/-/ansi-regex-5.0.1.tgz 25146ms (cache miss)
2364 http fetch GET 200 https://registry.npmjs.org/@babel/plugin-transform-typescript/-/plugin-transform-typescript-7.28.0.tgz 25150ms (cache miss)
2365 http fetch GET 200 https://registry.npmjs.org/commander/-/commander-14.0.1.tgz 25151ms (cache miss)
2366 http fetch GET 200 https://registry.npmjs.org/strip-ansi/-/strip-ansi-6.0.1.tgz 25151ms (cache miss)
2367 http fetch GET 200 https://registry.npmjs.org/wrap-ansi/-/wrap-ansi-7.0.0.tgz 25151ms (cache miss)
2368 http fetch GET 200 https://registry.npmjs.org/@dotenvx/dotenvx/-/dotenvx-1.49.0.tgz 25175ms (cache miss)
2369 http fetch GET 200 https://registry.npmjs.org/fast-glob/-/fast-glob-3.3.3.tgz 25177ms (cache miss)
2370 http fetch GET 200 https://registry.npmjs.org/@antfu/ni/-/ni-25.0.0.tgz 25176ms (cache miss)
2371 http fetch GET 200 https://registry.npmjs.org/@babel/core/-/core-7.28.4.tgz 25183ms (cache miss)
2372 http fetch GET 200 https://registry.npmjs.org/is-unicode-supported/-/is-unicode-supported-1.3.0.tgz 25194ms (cache miss)
2373 http fetch GET 200 https://registry.npmjs.org/strip-ansi/-/strip-ansi-6.0.1.tgz 25222ms (cache miss)
2374 http fetch GET 200 https://registry.npmjs.org/emoji-regex/-/emoji-regex-8.0.0.tgz 25597ms (cache miss)
2375 http fetch GET 200 https://registry.npmjs.org/ansi-regex/-/ansi-regex-5.0.1.tgz 26074ms (cache miss)
2376 http fetch GET 200 https://registry.npmjs.org/emoji-regex/-/emoji-regex-8.0.0.tgz 26089ms (cache miss)
2377 http fetch GET 200 https://registry.npmjs.org/ansi-regex/-/ansi-regex-5.0.1.tgz 26088ms (cache miss)
2378 http fetch GET 200 https://registry.npmjs.org/string-width/-/string-width-4.2.3.tgz 26090ms (cache miss)
2379 http fetch GET 200 https://registry.npmjs.org/emoji-regex/-/emoji-regex-8.0.0.tgz 26091ms (cache miss)
2380 http fetch GET 200 https://registry.npmjs.org/string-width/-/string-width-4.2.3.tgz 26091ms (cache miss)
2381 http fetch GET 200 https://registry.npmjs.org/string-width/-/string-width-4.2.3.tgz 26091ms (cache miss)
2382 http fetch GET 200 https://registry.npmjs.org/path-key/-/path-key-4.0.0.tgz 26465ms (cache miss)
2383 http fetch GET 200 https://registry.npmjs.org/@babel/parser/-/parser-7.28.4.tgz 26466ms (cache miss)
2384 http fetch GET 200 https://registry.npmjs.org/statuses/-/statuses-2.0.1.tgz 26482ms (cache miss)
2385 http fetch GET 200 https://registry.npmjs.org/strip-ansi/-/strip-ansi-6.0.1.tgz 26563ms (cache miss)
2386 http fetch GET 200 https://registry.npmjs.org/type-fest/-/type-fest-0.21.3.tgz 26620ms (cache miss)
2387 http fetch GET 200 https://registry.npmjs.org/which/-/which-2.0.2.tgz 26962ms (cache miss)
2388 http fetch GET 200 https://registry.npmjs.org/path-to-regexp/-/path-to-regexp-8.3.0.tgz 26962ms (cache miss)
2389 http fetch GET 200 https://registry.npmjs.org/isexe/-/isexe-2.0.0.tgz 26962ms (cache miss)
2390 http fetch GET 200 https://registry.npmjs.org/onetime/-/onetime-5.1.2.tgz 27096ms (cache miss)
2391 http fetch GET 200 https://registry.npmjs.org/is-stream/-/is-stream-2.0.1.tgz 27188ms (cache miss)
2392 http fetch GET 200 https://registry.npmjs.org/strip-final-newline/-/strip-final-newline-2.0.0.tgz 27203ms (cache miss)
2393 http fetch GET 200 https://registry.npmjs.org/signal-exit/-/signal-exit-3.0.7.tgz 27290ms (cache miss)
2394 http fetch GET 200 https://registry.npmjs.org/npm-run-path/-/npm-run-path-4.0.1.tgz 27367ms (cache miss)
2395 http fetch GET 200 https://registry.npmjs.org/get-stream/-/get-stream-6.0.1.tgz 27577ms (cache miss)
2396 http fetch GET 200 https://registry.npmjs.org/picomatch/-/picomatch-2.3.1.tgz 27579ms (cache miss)
2397 http fetch GET 200 https://registry.npmjs.org/iconv-lite/-/iconv-lite-0.7.0.tgz 27584ms (cache miss)
2398 http fetch GET 200 https://registry.npmjs.org/human-signals/-/human-signals-2.1.0.tgz 27607ms (cache miss)
2399 http fetch GET 200 https://registry.npmjs.org/which/-/which-4.0.0.tgz 27655ms (cache miss)
2400 http fetch GET 200 https://registry.npmjs.org/shadcn/-/shadcn-3.2.1.tgz 28018ms (cache miss)
2401 http fetch GET 200 https://registry.npmjs.org/@noble/hashes/-/hashes-1.8.0.tgz 28196ms (cache miss)
2402 http fetch GET 200 https://registry.npmjs.org/execa/-/execa-5.1.1.tgz 28251ms (cache miss)
2403 http fetch GET 200 https://registry.npmjs.org/diff/-/diff-8.0.2.tgz 28641ms (cache miss)
2404 http fetch GET 200 https://registry.npmjs.org/kleur/-/kleur-3.0.3.tgz 28975ms (cache miss)
2405 http fetch GET 200 https://registry.npmjs.org/commander/-/commander-11.1.0.tgz 29994ms (cache miss)
2406 http fetch GET 200 https://registry.npmjs.org/uri-js/-/uri-js-4.4.1.tgz 31597ms (cache miss)
2407 http fetch GET 200 https://registry.npmjs.org/msw/-/msw-2.11.2.tgz 31627ms (cache miss)
2408 http fetch GET 200 https://registry.npmjs.org/@modelcontextprotocol/sdk/-/sdk-1.18.0.tgz 32932ms (cache miss)
2409 http fetch GET 200 https://registry.npmjs.org/@noble/curves/-/curves-1.9.7.tgz 38186ms (cache miss)
2410 http fetch GET 200 https://registry.npmjs.org/headers-polyfill/-/headers-polyfill-4.0.3.tgz 60490ms (cache miss)
2411 info run msw@2.11.2 postinstall node_modules/msw node -e "import('./config/scripts/postinstall.js').catch(() => void 0)"
2412 info run msw@2.11.2 postinstall { code: 0, signal: null }
2413 verbose cwd /Users/momo/Documents/project/subscribe-management-app
2414 verbose os Darwin 25.0.0
2415 verbose node v22.12.0
2416 verbose npm  v10.9.0
2417 notice
2417 notice New major version of npm available! 10.9.0 -> 11.6.0
2417 notice Changelog: https://github.com/npm/cli/releases/tag/v11.6.0
2417 notice To update run: npm install -g npm@11.6.0
2417 notice  { force: true, [Symbol(proc-log.meta)]: true }
2418 verbose exit 0
2419 info ok
